相川進,2月
相川亮二,7月
相川良太,1月
相木崇,5月
愛敬尚史,12月
愛甲猛,8月
相澤寿聡,12月
会田豊彦,4月
会田有志,1月
相羽欣厚,12月
相原勝幸,7月
青木勝男,5月
青木惇,5月
青木高広,11月
青木智史,9月
青木勇人,5月
青木宥明,4月
青木稔,9月
青木陸,11月
青田昇,11月
青野毅,1月
青松敬鎔,12月
青柳昴樹,5月
青山大紀,11月
青山久人,6月
青山裕治,4月
青山誠,11月
赤田将吾,9月
赤星憲広,4月
赤堀元之,4月
赤松一朗,10月
赤松真人,9月
赤嶺賢勇,5月
秋田秀幸,4月
秋葉直樹,3月
秋村謙宏,2月
秋元肇,10月
秋本祐作,6月
阿久津義雄,7月
阿久根鋼吉,6月
浅井樹,12月
朝井茂治,5月
浅井太郎,5月
朝井秀樹,1月
浅井良,7月
浅尾拓也,10月
浅岡三郎,2月
浅越桂一,7月
浅野啓司,2月
浅野智治,4月
浅間敬太,8月
朝山東洋,7月
足木敏郎,9月
芦沢公一,12月
東瀬耕太郎,5月
東和政,6月
東辰弥,4月
小豆畑真也,7月
安達智次郎,8月
足立亘,1月
安仁屋宗八,8月
阿野鉱二,1月
安部理,12月
阿部和成,5月
安部和春,4月
阿部慶二,4月
阿部健太,9月
阿部茂樹,7月
阿部成宏,3月
阿部慎之助,3月
阿部真宏,5月
阿部良男,5月
天野浩一,4月
天野勇剛,12月
天谷宗一郎,11月
綾部翔,4月
鮎川義文,4月
新井茂,9月
新井貴浩,1月
新井良夫,7月
洗平竜也,1月
新垣渚,5月
新垣勇人,10月
荒金久雄,8月
荒川巌,4月
荒川昇治,4月
荒川宗一,9月
荒川哲男,4月
荒木雅博,9月
荒波翔,1月
荒張裕司,4月
有賀佳弘,10月
有倉雅史,6月
有田修三,9月
有田哲三,10月
有光磐明,5月
有村家斉,7月
有銘兼久,9月
淡口憲治,4月
阿波野秀幸,7月
安斉雄虎,10月
安藤学,5月
安藤統男,4月
安藤元博,10月
安藤優也,12月
井洋雄,5月
飯尾為男,10月
井石礼司,9月
飯田哲也,5月
飯田哲矢,3月
飯田正男,9月
飯田雅司,5月
飯田幸夫,4月
飯山平一,2月
飯山裕志,7月
井生崇光,3月
五十嵐章人,4月
五十嵐明,10月
五十嵐辰馬,8月
井川慶,7月
井口資仁,12月
伊熊博一,5月
池上誠一,6月
池内豊,4月
池谷公二郎,6月
池島和彦,2月
池田宇隆,3月
池田郁夫,6月
池田剛基,8月
池田純一,5月
池田親興,5月
池野昌之,5月
池辺巌,1月
井坂亮平,10月
石井昭男,9月
石井一久,9月
石井茂雄,5月
石井琢朗,8月
石井浩郎,6月
石井宏,10月
石井弘寿,9月
石井雅博,9月
石井豊,2月
石井義人,7月
石川克彦,9月
石川清逸,12月
石川賢,6月
石川俊介,8月
石川進,4月
石川政雄,4月
石川雅実,3月
石川緑,5月
石川良照,11月
石毛博史,7月
石田博三,7月
石田雅彦,4月
石田光彦,10月
石田泰三,6月
石堂克利,4月
石床幹雄,9月
石貫宏臣,6月
石橋尚登,4月
石橋文雄,8月
石原繁三,1月
石原碩夫,1月
石丸藤吉,7月
石嶺和彦,1月
伊志嶺翔大,5月
伊志嶺忠,6月
石本努,2月
石本貴昭,12月
石渡茂,8月
礒恒之,11月
磯貝公伸,3月
礒部公一,3月
板倉正男,1月
櫟信平,6月
一枝修平,7月
市川卓,6月
市川友也,5月
市川治彦,7月
市場孝之,9月
一場靖弘,7月
市原圭,9月
市村則紀,7月
一柳忠尚,4月
井筒研一,11月
井手峻,2月
井出竜也,4月
井手元健一朗,10月
井戸伸年,12月
伊藤敦規,5月
伊藤栄祐,10月
伊藤光四郎,7月
伊東昂大,7月
伊藤庄七,3月
伊藤四郎,11月
伊藤隆偉,10月
伊藤剛,12月
伊藤竜彦,10月
伊藤寿文,5月
伊藤久敏,6月
伊藤秀範,8月
伊藤博康,9月
伊藤文隆,5月
伊藤真,7月
伊藤守,5月
伊藤泰憲,9月
伊藤幸男,2月
伊藤芳明,12月
糸数敬作,11月
伊奈努,10月
伊奈龍哉,5月
稲垣秀次,6月
稲田直人,11月
稲葉篤紀,8月
稲葉郁三,7月
稲葉光雄,10月
稲嶺誉,10月
井上修,7月
井上一樹,7月
井上圭一,10月
井上紘一,12月
井上浩司,4月
井上純,6月
井上真二,7月
井上貴朗,7月
井上卓也,4月
井上登,5月
井上弘昭,5月
井上安雄,1月
井上祐二,3月
井上雄介,9月
井上幸信,9月
井上善夫,9月
井上嘉弘,3月
猪久保吾一,12月
猪俣隆,6月
井場友和,8月
井端弘和,5月
伊原春樹,1月
伊原正樹,11月
井辺康二,7月
今井譲二,11月
今江年晶,8月
今岡誠,9月
今津光男,7月
今中慎二,3月
今成亮太,10月
今西和男,4月
井本直樹,8月
伊与田一範,2月
伊代野貴照,10月
伊良部秀輝,5月
入江道生,9月
入来智,6月
入来祐作,8月
入谷正典,10月
入野貴大,11月
入野久彦,9月
伊礼忠彦,8月
岩尾孝幸,7月
岩切英司,10月
岩郷泰博,8月
岩崎智史,8月
岩崎哲也,10月
岩崎良夫,5月
岩下修一,6月
岩下守道,12月
岩瀬仁紀,11月
岩田徹,2月
岩舘学,4月
岩橋慶侍,4月
岩村明憲,2月
岩本章,1月
岩本輝,10月
岩本進,1月
岩本尭,4月
岩本貴裕,4月
岩本勉,5月
岩本信一,1月
岩本好広,7月
岩本義行,3月
植木一智,7月
上田和明,8月
上田次朗,7月
上田卓三,7月
上田武司,3月
植田武彦,4月
植田隼美,9月
植田幸弘,7月
上田好剛,10月
上田佳範,11月
上辻修,7月
上野弘文,4月
上野裕平,12月
上野義秋,12月
上原晃,5月
上原浩治,4月
植松精一,10月
鵜飼克雄,10月
鵜飼勉,1月
浮島徹士,8月
浮州重紀,10月
鵜久森淳志,2月
宇佐美敏晴,8月
宇佐美塁大,10月
牛島和彦,4月
牛田成樹,12月
宇田東植,8月
宇高伸次,8月
打越敏彦,11月
内薗直樹,5月
内田圭一,7月
内田順三,9月
内田強,5月
内田照文,6月
内田大孝,8月
内堀保,3月
内山和巳,6月
内海武彦,1月
有働克也,9月
畝龍実,6月
宇野錦次,5月
宇野雅美,5月
宇野勝,5月
宇野光雄,4月
梅田邦三,2月
梅本正之,8月
浦西美治,1月
漆畑勝久,10月
漆原進,9月
運天ジョン・クレイトン,3月
江川卓,5月
江川智晃,10月
江口行男,4月
江坂政明,8月
江崎照雄,7月
江島巧,11月
江尻慎太郎,4月
江田孝,3月
江田昌司,9月
江藤智,4月
江藤省三,4月
江藤愼一,10月
衛藤大輔,10月
江藤正,5月
江夏豊,5月
榎康弘,5月
榎本直樹,7月
戎信行,4月
江本晃一,7月
江本孟紀,7月
遠田誠治,5月
遠藤伸久,11月
遠藤政隆,9月
遠藤竜志,4月
及川美喜男,9月
王貞治,5月
大井光雄,8月
大石友好,1月
大石正彦,1月
大石昌義,7月
大石弥太郎,10月
大岡虎雄,3月
大河原栄,6月
大木貴将,11月
大木護,9月
大北敏博,2月
大久保秀昭,7月
大久保博元,2月
大久保勝信,9月
大久保美智男,7月
大熊伸行,3月
大倉英貴,7月
大沢紀三男,2月
大沢清,12月
大下剛史,11月
大島公一,6月
大島崇行,12月
大嶋匠,2月
大島忠一,8月
大島信雄,10月
大島裕行,6月
大島康徳,10月
大須賀允,3月
大隅正人,2月
太田紘一,12月
太田幸司,1月
太田貴,11月
太田龍生,4月
太田敏行,6月
太田文高,2月
太田正男,8月
太田勝,8月
大竹憲治,7月
大津淳,1月
大塚晶文,1月
大塚明,4月
大塚賢一,8月
大塚鶴雄,3月
大隣憲司,11月
大友進,6月
大友工,2月
大西崇之,7月
大西宏明,4月
大沼幸二,7月
大野和哉,9月
大野久,8月
大野雄次,2月
大野豊,8月
大野倫,4月
大羽進,9月
大場隆広,6月
大場豊千,7月
大庭宏,3月
大橋勲,3月
大畑裕勝,5月
大原和男,3月
大原徹也,7月
大引啓次,6月
大町定夫,4月
大松尚逸,6月
大道典良,10月
大嶺翔太,9月
大宮清,4月
大宮龍男,6月
大村巌,5月
大村直之,2月
大森剛,8月
大矢根博臣,7月
大山暁史,10月
大累進,8月
大和田正海,8月
岡義朗,11月
岡上和典,1月
岡崎郁,6月
岡崎恒人,3月
小笠原孝,11月
小笠原道大,10月
岡島厚,5月
岡島秀樹,12月
岡嶋博治,5月
岡田彰布,11月
岡田源三郎,3月
緒方耕一,9月
緒方孝市,12月
緒方俊明,4月
岡田展和,1月
岡田幸文,7月
岡田福吉,4月
尾形佳紀,8月
緒方凌介,8月
岡野八郎,12月
岡野義光,11月
岡部憲章,4月
岡本晃,5月
岡本克道,6月
岡本圭右,8月
岡本光,8月
岡本真或,10月
岡本三男,3月
岡本洋介,9月
小川邦和,2月
小川健太郎,1月
小川滋夫,9月
小川祥志,4月
小川清一,7月
小川達明,12月
小川敏明,4月
小川博,4月
小川弘文,5月
小川将俊,1月
小川宗直,5月
小川裕介,6月
小川善治,6月
沖実郎,7月
興津立雄,5月
荻野一雄,6月
沖原佳典,7月
荻原隆,4月
奥田敏輝,1月
奥田直也,6月
奥原為雄,10月
奥村武博,7月
小倉薫,10月
小倉恒,8月
淡河弘,2月
長田克史,6月
長田昌浩,6月
長内孝,8月
小沢浩一,1月
小沢重光,10月
小沢文夫,12月
押本健彦,10月
オスカル,3月
小瀬浩之,9月
小関竜也,7月
小田幸平,3月
小田智之,5月
織田光正,4月
小田嶋正邦,4月
小田野柏,1月
越智大祐,6月
落合英二,7月
落合博満,12月
音重鎮,11月
小野和幸,8月
小野和義,11月
小野剛,5月
小野幸一,5月
小野公誠,7月
小野正一,9月
小野晋吾,4月
小野仁,8月
尾上旭,4月
小野寺在二郎,9月
小野寺力,11月
小畑幸司,7月
於保浩己,8月
小俣進,8月
小美濃武芳,8月
小山田保裕,7月
織田淳哉,8月
貝塚博次,8月
貝塚政秀,12月
加賀繁,4月
垣内哲也,6月
柿沢貴裕,7月
柿田裕太,8月
柿本実,10月
覚前昌也,7月
加倉一馬,10月
加倉井実,6月
掛布雅之,5月
葛西稔,5月
風岡尚幸,1月
笠原栄一,6月
笠原和夫,6月
笠原将生,1月
笠原大芽,1月
笠原正行,9月
笠間雄二,3月
鹿島忠,10月
柏田貴史,5月
柏原純一,6月
梶原和隆,7月
梶原康司,4月
片岡篤史,6月
片岡新之介,11月
片岡宏雄,6月
片岡光宏,3月
片貝義明,9月
片瀬清利,2月
片平哲也,10月
片山栄次,1月
片山大樹,2月
片山博,11月
加地健三郎,3月
甲藤啓介,11月
勝亦治,4月
葛城育郎,9月
葛城隆雄,12月
加藤一昭,11月
加藤健,3月
加藤康介,7月
加藤正二,3月
加藤伸一,7月
加藤進,9月
加藤大輔,7月
加藤高康,6月
加藤斌,5月
加藤武治,3月
歌藤達夫,6月
加藤竜人,8月
加藤哲郎,4月
加藤初,12月
加藤秀司,5月
加藤博一,10月
加藤博人,4月
門岡信行,9月
門倉健,7月
門田純良,4月
鹿取義隆,3月
金井正幸,5月
金沢岳,5月
金澤健人,1月
金森栄治,1月
金森隆浩,8月
金谷剛,7月
金山次郎,7月
金山仙吉,10月
金石昭人,12月
金子一輝,5月
金子勝美,5月
金子誠一,7月
金子裕,9月
金子誠,11月
金城基泰,10月
金田進,6月
金田留広,11月
金田正一,8月
金田政彦,4月
金村曉,4月
金村義明,8月
金本明博,12月
金本知憲,4月
金本秀夫,5月
加納茂徳,5月
鏑木悦純,6月
鎌田圭司,3月
鎌田実,3月
鎌田祐哉,11月
鎌田豊,8月
鎌仲政昭,4月
神内靖,8月
神垣雅行,4月
上川誠二,3月
上垣内誠,6月
上坂太一郎,4月
亀沢恭平,10月
亀山努,7月
加茂川重治,3月
萱島大介,1月
茅野健一,2月
茅野秀三,11月
苅田久徳,1月
狩野行寿,7月
河井昭司,11月
川井貴志,9月
川相昌弘,9月
河合保彦,10月
川内雄富,3月
川内八洲男,11月
川上憲伸,6月
川上哲治,3月
川岸強,9月
川口和久,7月
川口憲史,6月
川越英隆,6月
川崎啓之介,8月
川崎憲次郎,1月
川崎徳次,5月
川崎宗則,6月
川島堅,7月
川島亮,9月
川尻哲郎,1月
河田寿司,12月
河田雄祐,12月
川田幸夫,6月
川藤幸三,7月
川藤龍之輔,8月
川名慎一,4月
川中基嗣,12月
河西俊雄,4月
河野元貴,6月
河野昌人,5月
河野亮,5月
川畑和人,4月
川端順,3月
川畑泰博,7月
河端龍,11月
河原純一,1月
川原新治,2月
河東真,10月
川邉忠義,4月
川俣浩明,8月
川又米利,8月
河村保彦,7月
川本浩次,9月
川本智徳,5月
河本育之,10月
神崎安隆,8月
神田義英,2月
関東孝雄,9月
上林繁次郎,1月
菊沢竜佑,5月
菊地原毅,3月
岸敬祐,1月
岸川勝也,4月
岸川登俊,1月
岸田護,5月
岸本秀樹,10月
木田勇,6月
喜田剛,10月
喜多隆志,2月
木田優夫,9月
北角富士雄,5月
北川桂太郎,5月
北川博敏,5月
北川芳男,10月
木立章成,10月
木谷寿巳,10月
北野勝則,10月
北原喜久男,10月
北別府学,7月
北村照文,1月
北本重二,12月
木次文夫,1月
木戸克彦,2月
木戸美摸,9月
紀藤真琴,5月
城所龍磨,9月
衣笠祥雄,1月
衣川幸夫,7月
木下達生,11月
木下貞一,3月
木下富雄,5月
木下智裕,7月
木下政文,11月
木原義隆,7月
木俣達彦,7月
木村一喜,10月
木村孝平,8月
木村拓也,4月
木村勉,1月
木村昌広,8月
木村保久,5月
木村龍治,9月
木元邦之,10月
木本茂美,4月
木山英求,12月
久喜勲,2月
久古健太郎,5月
清川栄治,9月
清原和博,8月
清原初男,11月
清原雄一,5月
吉良修一,4月
切通猛,4月
金城龍彦,7月
草野大輔,12月
久慈照嘉,4月
久代義明,8月
楠安夫,6月
楠橋高幸,11月
楠本秀雄,8月
工藤一彦,5月
工藤公康,5月
工藤隆人,3月
工藤友也,5月
国枝利通,6月
国貞泰汎,1月
国松彰,9月
久保俊巳,6月
久保康生,4月
久保征弘,4月
窪田淳,2月
久保田治,12月
久保田智,5月
久保田智之,1月
熊澤秀浩,7月
熊野輝光,8月
久米勇紀,9月
倉義和,7月
倉田誠,6月
倉野信次,9月
倉本慎也,9月
倉本信護,6月
栗岡英智,1月
栗木孝幸,10月
栗田聡,8月
栗山聡,6月
黒江透修,12月
黒木純司,6月
黒木知宏,12月
黒沢俊夫,6月
黒田一博,9月
黒田健吾,10月
黒田哲史,1月
黒田真治,1月
黒田博樹,2月
黒田能弘,6月
桑田茂,12月
桑田武,1月
桑田真澄,4月
桑野議,5月
源五郎丸洋,1月
劔持節雄,5月
古池拓一,4月
小池秀郎,3月
小池正晃,5月
小石博孝,4月
小泉恒美,7月
高信二,4月
交告弘利,8月
香坂英典,10月
香田勲男,5月
合田栄蔵,6月
河内卓司,4月
河野旭輝,1月
河埜和正,11月
鴻野淳基,7月
河野博文,4月
高村良嘉,2月
神山一義,10月
古賀英彦,9月
古賀正明,4月
小久保裕紀,10月
小坂敏彦,9月
小坂誠,7月
小島圭市,7月
小島禎二,4月
小島利男,10月
小島弘務,10月
小嶋正宣,6月
五島裕二,4月
小玉明利,6月
児玉利一,2月
児玉泰,7月
児玉好弘,2月
小鶴誠,12月
後藤修,4月
後藤和昭,5月
後藤孝志,5月
後藤武敏,6月
後藤利幸,5月
後藤祝秀,2月
後藤光貴,8月
後藤光尊,7月
小早川幸二,12月
小早川毅彦,11月
小林昭則,8月
小林章良,9月
小林敦司,12月
小林至,1月
小林幹英,1月
小林聡,8月
小林茂生,9月
小林茂太,3月
小林繁,11月
小林誠二,1月
小林経旺,1月
小林利蔵,11月
小林宏,11月
小林宏之,6月
小林雅英,5月
小林正人,8月
小林正之,2月
小原沢重頼,8月
小淵泰輔,1月
駒居鉄平,5月
駒田徳広,9月
小松健二,5月
小松辰雄,5月
小松俊広,1月
小松崎善久,6月
小松原博喜,5月
五味芳夫,11月
小宮山悟,9月
小宮山慎二,11月
小森哲也,9月
小谷野栄一,10月
小山伸一郎,6月
小山正明,7月
小山雄輝,12月
金博昭,1月
金剛弘樹,2月
紺田敏正,8月
近藤貞雄,10月
近藤真市,9月
近藤隆正,9月
近藤弘基,2月
権藤博,12月
権藤正利,5月
近藤満,1月
近藤光郎,3月
近藤芳久,9月
今野隆裕,7月
歳内宏明,7月
西園寺昭夫,10月
雑賀幸男,4月
才所俊郎,4月
才田修,7月
斎田忠利,4月
財津守,5月
斉藤和巳,11月
斉藤彰吾,5月
斎藤隆,2月
斉藤宜之,6月
斉藤直哉,1月
斉藤秀光,4月
斉藤浩行,5月
斎藤雅樹,2月
斎藤勝博,2月
斉藤学,8月
齊藤悠葵,6月
佐伯和司,6月
佐伯貴弘,4月
三枝規悦,7月
五月女豊,4月
嵯峨健四郎,8月
坂孝一,5月
酒井順也,3月
酒井大輔,6月
酒井忠晴,6月
酒井敏明,1月
酒井弘樹,9月
酒井光次郎,1月
酒井泰志,4月
栄村忠広,9月
坂上惇,10月
榊原聡一郎,9月
榊原良行,6月
坂口真規,9月
坂崎一彦,1月
坂田遼,10月
坂本工宜,8月
坂本茂,4月
坂本文次郎,3月
坂元弥太郎,5月
佐川潔,5月
佐久間浩一,10月
佐久本昌広,7月
桜井広大,7月
櫻井幸博,5月
迫田七郎,2月
迫丸金次郎,7月
佐々岡真司,8月
笹川隆,11月
佐々木明義,7月
佐々木勲,10月
佐々木貴賀,9月
佐々木健一,6月
佐々木孝次,9月
佐々木信也,10月
佐々木常助,8月
佐々木誠,10月
笹本信二,4月
笹山洋一,5月
桟原将司,8月
定岡正二,11月
定岡徹久,7月
佐竹一雄,1月
佐竹健太,10月
佐竹学,10月
佐藤和史,2月
佐藤和宏,9月
佐藤公博,7月
佐藤玖光,5月
佐藤兼伊知,9月
佐藤貞治,12月
佐藤祥万,8月
佐藤世那,6月
佐藤武夫,10月
佐藤剛,4月
佐藤達也,7月
佐藤友亮,6月
佐藤秀明,5月
佐藤秀樹,4月
佐藤洋,6月
佐藤宏志,8月
佐藤裕幸,1月
佐藤文男,4月
佐藤文男,10月
佐藤誠,6月
佐藤政夫,12月
佐藤正治,7月
佐藤賢,12月
佐藤充,4月
佐藤康幸,5月
佐藤幸彦,4月
佐藤吉宏,6月
里崎智也,5月
里見祐輔,3月
真田重蔵,5月
真田裕貴,2月
実松一成,1月
佐野心,1月
佐野慈紀,4月
佐野仙好,8月
佐野元国,3月
佐野嘉幸,4月
サブロー,6月
鞘師智也,5月
澤井道久,6月
澤井良輔,3月
澤崎俊和,9月
三東洋,10月
椎木匠,7月
G.G.佐藤,8月
塩川達也,3月
塩崎真,6月
塩谷和彦,5月
塩津義雄,11月
塩月勝義,8月
塩原明,5月
塩屋大輔,9月
鹿野浩司,4月
重松通雄,9月
志田宗大,6月
品田操士,10月
品田寛介,3月
篠塚和典,7月
篠原慎平,6月
篠原貴行,9月
芝池博明,6月
芝草宇宙,8月
柴田勲,2月
柴田佳主也,3月
柴田猛,8月
柴原光三,10月
柴原浩,12月
柴原洋,5月
渋谷通,5月
渋谷幸春,4月
嶋重宣,6月
島孝明,6月
島秀之助,6月
島井寛仁,6月
嶋尾康史,5月
島崎毅,3月
嶋田章弘,6月
島田一輝,9月
島田茂,8月
縞田拓弥,1月
嶋田哲也,5月
島田直也,3月
嶋田宗彦,2月
島田雄二,1月
島田幸雄,8月
島田芳明,8月
島谷金二,1月
島貫省一,7月
島野育夫,3月
島野修,6月
島袋洋奨,10月
清水章夫,9月
清水昭信,10月
清水清人,6月
清水隆行,10月
清水直行,11月
清水秀雄,7月
清水将海,1月
清水雅治,7月
清水義之,9月
下村栄二,11月
下柳剛,5月
下山真二,12月
順風秀一,2月
城友博,4月
正垣宏倫,5月
庄司智久,5月
庄司隼人,6月
城島健司,6月
正田樹,11月
正田耕三,1月
庄田隆弘,11月
正津英志,11月
定詰雅彦,9月
城野勝博,8月
城之内邦雄,2月
條辺剛,6月
白井孝幸,5月
白井康勝,3月
白石勝巳,4月
白石静生,5月
白坂勝史,7月
白滝政孝,1月
白武佳久,5月
白鳥正樹,5月
白根尚貴,4月
白幡隆宗,5月
城石憲之,4月
新里紹也,8月
新庄剛志,1月
新宅洋志,12月
進藤実,12月
神野純一,4月
末次利光,3月
末永正昭,9月
末永真史,6月
末永吉幸,1月
末広五大,6月
菅原勝矢,4月
杉斉英,5月
杉内俊哉,10月
杉浦清,7月
杉江文二,1月
杉下茂,9月
杉田勇,5月
杉田久雄,3月
杉本正,5月
杉本正志,1月
椙本勝,7月
杉山賢人,12月
杉山悟,1月
杉山茂,4月
杉山俊介,6月
杉山翔大,2月
杉山東洋生,9月
杉山直樹,9月
杉山直久,12月
勝呂壽統,9月
鈴衛佑規,9月
鈴木貴志,3月
鈴木皖武,2月
鈴木健,4月
鈴木健,1月
鈴木弘規,9月
鈴木昂平,6月
鈴木平,3月
鈴木隆,12月
鈴木貴久,11月
鈴木尚広,4月
鈴木孝政,7月
鈴木鶴雄,4月
鈴木哲,1月
鈴木照雄,9月
鈴木俊雄,12月
鈴木伸良,6月
鈴木望,5月
鈴木秀雄,10月
鈴木博昭,11月
鈴木郁洋,5月
鈴木実,10月
鈴木康友,7月
鈴木義広,1月
須田幸太,7月
須藤豊,4月
角盈男,6月
住友一哉,2月
住吉義則,10月
須山成二,1月
清俊彦,9月
清家政和,10月
背尾伊洋,8月
関清和,9月
関川浩一,4月
関口伊織,10月
関口清治,10月
関根潤三,3月
関根裕之,12月
関本賢太郎,8月
関本四十四,5月
関谷亮太,5月
摂津正,6月
瀬戸和則,8月
瀬戸輝信,3月
芹澤裕二,4月
千田啓介,6月
宗宮房之助,5月
曽我部直樹,3月
十川孝富,5月
十川雄二,7月
曽田康二,11月
外木場義郎,6月
園川一美,5月
苑田敏彦,2月
園部聡,11月
ダース・ローマシュ匡,12月
ダイ,10月
大河,4月
代田建紀,2月
大塔正明,4月
大門和彦,5月
田尾安志,1月
高井一,10月
高市俊,7月
高井良一男,4月
高岡英司,3月
高岡重樹,7月
高木一巳,1月
高木晃次,5月
高木真一,8月
高木時夫,4月
高木宣宏,5月
高木勇人,7月
高木浩之,10月
高木守道,7月
高木康成,3月
高口隆行,8月
高久保豊三,9月
高倉照幸,12月
高沢秀昭,9月
高島覚,1月
高嶋徹,4月
高代延博,5月
高須洋介,2月
高田繁,7月
高田誠,6月
高津臣吾,11月
高塚信幸,8月
高月敏文,11月
高波文一,11月
高野价司,1月
高野忍,12月
高野裕良,2月
鷹野史寿,8月
高橋顕法,1月
高橋聡文,5月
高橋明,5月
高橋栄一郎,6月
高橋英二,10月
高橋薫,6月
高橋一三,6月
高橋和幸,4月
高橋建,4月
高橋洸,4月
高橋幸二,2月
高橋里志,5月
高橋信二,8月
高橋輝彦,4月
高橋俊春,4月
高橋憲幸,2月
高橋尚成,4月
高橋秀聡,8月
高橋英樹,10月
高橋真輝,2月
高橋雅裕,7月
高橋三千丈,11月
高橋光信,7月
高橋由伸,4月
高橋慶彦,3月
高橋善正,5月
高林恒夫,1月
峰秀,7月
高見昌宏,7月
高村祐,9月
高村洋介,9月
高元勝彦,5月
高柳出己,6月
高山郁夫,9月
高山健一,8月
高山忠克,5月
高山智行,5月
高良一輝,6月
多岐篤司,5月
瀧安治,2月
滝良彦,6月
滝川博己,1月
滝口光則,11月
滝田政治,10月
田口壮,7月
田口昌徳,8月
内匠政博,2月
武内晋一,12月
竹内洋,10月
竹内昌也,5月
竹岡和宏,1月
竹清剛治,11月
竹下慎太郎,7月
竹下光郎,6月
武末悉昌,10月
武田一浩,6月
武田久,10月
竹田和史,7月
武田勝,7月
竹野吉郎,6月
竹之内雅史,3月
武宮敏明,11月
竹村一義,12月
武山真吾,6月
田島俊雄,10月
田尻茂敏,5月
多田勉,10月
多田昌弘,10月
多田文久三,7月
多田野数人,4月
立川隆史,10月
立花義家,10月
達川光男,7月
立浪和義,8月
伊達昌司,8月
立石尚行,5月
館山昌平,3月
建山義紀,12月
田名網英二,7月
田中章,7月
田中和博,9月
田中久寿男,4月
田中賢介,5月
田中健太郎,6月
田中聡,8月
田中秀太,2月
田中大輝,8月
田中大二郎,4月
田中大輔,12月
田中尊,4月
田中充,6月
田中勉,10月
田中照雄,4月
田中資昭,1月
田中富生,4月
田中宏和,7月
田中敬人,8月
田中浩康,5月
田中雅彦,1月
田中昌宏,9月
田中将大,11月
田中瑞季,9月
田中幸雄,2月
田中幸雄,12月
田中由基,6月
田辺修,4月
田辺繁文,8月
田辺徳雄,5月
谷哲也,7月
谷浩弥,7月
谷佳知,2月
谷川勉,3月
谷木恭平,11月
谷口悦司,6月
谷口功一,5月
谷繁元信,12月
谷下和人,1月
谷中真二,5月
谷村智啓,8月
谷本稔,2月
谷山高明,10月
種田仁,7月
種部儀康,1月
田之上慶三郎,9月
田上秀則,3月
田野倉利男,4月
田畑一也,2月
田原晃司,2月
田原藤太郎,3月
田原基稔,1月
田淵幸一,9月
田部輝男,12月
玉井信博,9月
玉木朋孝,6月
玉腰忠義,3月
玉野宏昌,6月
玉峰伸典,12月
玉村祐典,11月
田村勲,3月
田村恵,5月
田村丈,11月
田村勤,8月
多村仁志,3月
田村藤夫,10月
田村満,8月
ダルビッシュ有,8月
樽見金典,7月
丹波健二,5月
近田豊年,12月
千葉茂,5月
千葉剛,4月
千原雅生,1月
千原陽三郎,3月
銚子利夫,8月
千代丸亮彦,12月
塚田正義,7月
塚原頌平,7月
塚本博睦,10月
塚本善之,11月
月山栄珠,2月
辻空,4月
辻武史,6月
辻哲也,1月
辻俊哉,7月
辻東倫,8月
辻恭彦,6月
辻佳紀,12月
辻田摂,6月
辻本弘樹,10月
津末英明,10月
津田恒実,8月
槌田誠,6月
土田瑞起,1月
土屋亨,10月
土屋紘,7月
土屋正勝,11月
土屋正孝,10月
筒井敬三,6月
筒井壮,11月
筒井正也,4月
綱島新八,9月
津野浩,8月
坪井新三郎,2月
坪井智哉,2月
坪内道典,4月
鶴直人,4月
鶴岡一成,5月
鶴田圭祐,5月
鶴田泰,7月
鶴見信彦,7月
弦本悠希,6月
出口雄大,9月
手沢庄司,4月
手塚明治,10月
寺内一隆,9月
寺内崇幸,5月
寺岡孝,9月
寺田光輝,1月
寺田陽介,11月
寺田吉孝,2月
寺西秀人,12月
寺原隼人,10月
寺前正雄,5月
寺村友和,4月
寺本四郎,7月
寺本哲治,9月
土居章助,9月
土井正三,6月
土居正史,6月
土井豊,11月
土肥義弘,9月
問矢福雄,9月
遠井吾郎,12月
遠山奬志,7月
渡海昇二,5月
戸梶正夫,4月
戸叶尚,2月
栂野雅史,10月
徳武定之,6月
徳永喜久夫,9月
徳元敏,9月
徳本政敬,6月
戸田善紀,7月
戸田亮,9月
十時啓視,4月
堂上剛裕,5月
堂上照,6月
土橋勝征,12月
戸部浩,7月
笘篠賢治,10月
苫米地鉄人,9月
渡真利克則,8月
富恵一,11月
富岡久貴,5月
富田勝,10月
富松信彦,7月
戸村健次,10月
友川賢次,12月
友永翔太,4月
友利結,9月
外山博,9月
豊田清,2月
豊田誠佑,4月
豊田拓矢,3月
豊永隆盛,8月
豊原哲也,6月
鳥越裕介,7月
鳥谷敬,6月
鳥谷元,6月
鳥谷部健一,11月
内藤幸三,3月
内藤尚行,7月
内藤博文,1月
内藤雄太,11月
中利夫,4月
中井悦雄,6月
永射保,10月
永井智浩,8月
中井康之,8月
永井洋二郎,11月
長井良太,1月
永池恭男,10月
中後悠平,9月
中尾明生,11月
中尾孝義,2月
中尾碩志,12月
永尾泰憲,5月
永川勝浩,12月
中川申也,6月
中川大志,6月
中川隆治,10月
永川満寿,4月
中込伸,2月
長坂健冶,10月
長崎慶一,5月
長崎伸一,2月
中里篤史,9月
中里鉄也,5月
仲澤忠厚,9月
長嶋一茂,1月
長島甲子男,6月
長嶋清幸,11月
中嶋聡,3月
長嶋茂雄,2月
中島輝士,7月
中島俊哉,6月
中嶋治彦,11月
中島治康,6月
中島浩人,4月
中島執,10月
長島吉邦,10月
中条善伸,4月
仲田幸司,6月
中田祥多,2月
永田利則,10月
中田宗男,1月
中田良弘,4月
中田亮二,11月
中谷仁,5月
中谷忠己,9月
中司得三,5月
永利勇吉,12月
長冨浩志,6月
中西清起,4月
中西健太,4月
仲根正広,9月
中野栄一,10月
中野佐資,1月
中野隆夫,6月
永野吉成,7月
中ノ瀬幸泰,10月
中畑清,1月
中濱裕之,4月
中原勇,9月
中原勇一,2月
長峰昌司,8月
中村和臣,9月
中村勝広,6月
中村浩一,11月
中村之保,9月
中村信一,2月
中村武志,3月
中村輝夫,1月
中村典夫,4月
中村紀洋,7月
中村隼人,8月
中村弘道,11月
中村真人,2月
中村勝,12月
中村光良,7月
中村稔,9月
中村泰広,9月
中村豊,4月
中村善之,12月
中村良二,6月
中村渉,8月
永本裕章,11月
中山孝一,8月
中山正嘉,7月
中山俊丈,12月
中山俊之,6月
中山裕章,11月
中山雅行,9月
那須野巧,10月
七森由康,4月
鍋屋道夫,6月
並木輝男,11月
奈良将史,5月
奈良原浩,5月
成重春生,4月
成本年秀,9月
成瀬善久,10月
難波昭二郎,2月
新沼慎二,6月
新美敏,8月
新浦壽夫,5月
二岡智宏,4月
西清孝,4月
仁志敏久,10月
西井哲夫,7月
西浦克拓,11月
西尾慈高,2月
西岡三四郎,4月
西岡洋,9月
西岡良洋,6月
西川克弘,5月
西川慎一,2月
西川佳明,7月
西口文也,9月
西倉実,1月
西里幸喜,4月
西沢正次,5月
西沢道夫,9月
西嶋賢司,12月
西田真二,8月
西田暢,11月
西田直斗,4月
西野忠臣,3月
西宮悠介,5月
西村公一,4月
西村健太朗,5月
西村徳文,1月
西村英嗣,7月
西本明和,10月
西本和美,8月
西本聖,6月
西本道則,7月
西森将司,12月
西山一宇,8月
西山和良,8月
西山秀二,7月
西山敏明,5月
西山道隆,1月
二宮至,11月
二宮正己,10月
仁部智,1月
仁平馨,6月
仁村薫,5月
仁村徹,12月
沼田拓巳,3月
根市寛貴,10月
根元俊一,7月
根本隆輝,6月
濃人渉,3月
野上俊夫,8月
野川拓斗,9月
野口明,8月
野口茂樹,5月
野口二郎,1月
野口寿浩,6月
野口正明,3月
野口元三,10月
野田浩司,2月
野田浩輔,12月
野田征稔,12月
野中信吾,9月
野中徹博,5月
野々垣武志,7月
野林大樹,9月
野原将志,4月
野原祐也,1月
信原拓人,9月
野村収,8月
野村克則,7月
野村謙二郎,9月
野村貴仁,1月
野村高義,10月
野村武史,4月
野村亮介,7月
野本喜一郎,5月
野本圭,7月
乗替寿好,11月
萩原昭,1月
萩原淳,8月
萩原誠,4月
萩原康弘,11月
橋上秀樹,11月
橋本到,4月
橋本勝隆,5月
橋本清,5月
橋本啓,9月
橋本敬司,6月
橋本健太郎,4月
橋本大祐,7月
橋本武広,9月
橋本将,5月
橋本義隆,12月
長谷川繁雄,10月
長谷川善三,1月
長谷川勉,9月
長谷川昌幸,7月
長谷部裕,4月
秦真司,7月
畑隆幸,12月
畠山和洋,9月
畑福俊英,1月
畑山俊二,6月
初芝清,2月
八田正,10月
服部浩一,7月
服部武夫,11月
服部受弘,1月
服部裕昭,7月
服部文夫,8月
花島寛己,6月
花田真人,10月
羽根川竜,6月
馬場正平,1月
土生翔平,8月
浜岡浩幸,9月
浜崎忠治,9月
浜崎正人,10月
浜崎勝,10月
浜田一夫,6月
浜田知明,9月
浜名千広,11月
濱中治,7月
浜中祥和,1月
浜村健史,4月
早川和夫,5月
早川健一郎,11月
早川大輔,6月
早川実,4月
林清光,10月
林純次,2月
林孝哉,6月
林千代作,5月
林直明,5月
林博康,6月
林昌樹,11月
林昌範,9月
早瀬方禧,4月
原俊介,8月
原伸次,11月
原辰徳,7月
原秀樹,4月
原正俊,6月
原井和也,6月
原田明広,7月
原田健二,6月
原田督三,8月
原田治明,7月
原田政彦,2月
羽里功,7月
張本勲,6月
張本優大,10月
波留敏夫,5月
伴義太郎,7月
板東英二,4月
比嘉寿光,4月
樋笠一夫,3月
日笠雅人,8月
東田正義,8月
東山親雄,5月
引地信之,11月
引間克幸,2月
樋口一紀,9月
樋口龍美,5月
彦野利勝,10月
久野剛司,5月
久本祐一,3月
肘井竜蔵,11月
菱川章,1月
聖沢諒,11月
肥田高志,6月
日高剛,8月
英智,5月
日野茂,1月
日野美澄,9月
日比野武,4月
比屋根渉,6月
桧山進次郎,7月
兵頭冽,8月
兵動秀治,8月
平井三郎,9月
平井正史,4月
平井光親,11月
平石洋介,4月
平尾博嗣,12月
平岡一郎,8月
平岡政樹,7月
平下晃司,2月
平田薫,2月
平田勝男,7月
平田恒男,11月
平田英之,7月
平田洋,11月
平塚克洋,1月
平沼定晴,3月
平野恵一,4月
平野謙,6月
平野謙二,9月
平松一宏,3月
平本学,1月
平山菊二,9月
平山英雄,1月
広池浩司,8月
広岡達朗,2月
広澤克実,4月
広沢好輝,5月
広島清美,6月
広島衛,11月
広瀬明彦,5月
広瀬宰,2月
廣瀬純,3月
広田修三,8月
弘田澄男,5月
廣田浩章,2月
広野功,10月
広橋公寿,1月
深沢和帆,9月
深沢修一,6月
深沢恵雄,5月
深田拓也,4月
深町亮介,10月
深見安博,11月
福井敬治,5月
福井保夫,11月
福浦和也,12月
福浦健次,9月
福王昭仁,1月
福川将和,12月
福倉健太郎,8月
福澤洋一,5月
福士敬章,12月
福島知春,3月
福嶋久晃,4月
福田聡志,9月
福田岳洋,4月
福田昌久,7月
福地寿樹,12月
福地元春,6月
福塚勝哉,1月
福留宏紀,5月
福原忍,12月
福間納,7月
福盛和男,8月
福家雅明,4月
福良徹,10月
藤井彰人,6月
藤井勇,10月
藤井栄治,2月
藤井秀悟,5月
藤井優志,1月
藤尾茂,10月
藤王康晴,4月
藤岡寛生,10月
藤倉多祐,8月
藤崎紘範,5月
藤崎靖彦,7月
藤沢公也,11月
藤沢亨明,11月
藤沢哲也,8月
藤島誠剛,10月
藤城和明,4月
藤田宗一,10月
藤田太陽,11月
藤田平,10月
藤田訓弘,2月
藤田浩雅,10月
藤田元司,8月
藤立次郎,6月
藤波行雄,4月
藤野光久,2月
藤本敦士,10月
藤本和宏,11月
藤本勝巳,8月
藤本健治,6月
藤本茂喜,10月
藤本修二,7月
藤本正一,4月
藤本伸,3月
藤本英雄,5月
藤原虹気,6月
藤原鉄之助,10月
藤原通,6月
藤原仁,3月
藤原良平,2月
渕脇芳行,5月
舩木聖士,8月
船越涼太,11月
船田和英,5月
古川啓三,4月
古川慎一,7月
古川清蔵,3月
古川利行,9月
古河有一,6月
古木克明,11月
古城茂幸,1月
古久保健二,6月
古里泰隆,4月
古沢憲司,3月
古田敦也,8月
古谷盛人,10月
古野正人,9月
古溝克之,11月
古谷倉之助,5月
古屋英夫,8月
屏道夫,4月
部坂俊之,7月
別所毅彦,10月
帆足和幸,7月
法元英明,3月
蓬莱昭彦,4月
保坂幸永,8月
星孝典,5月
星秀和,11月
星田次郎,9月
星野おさむ,5月
星野順治,6月
星野仙一,1月
星野智樹,7月
星野伸之,1月
星野秀孝,11月
星野真澄,4月
干場崇永,1月
星山晋徳,7月
星山忠弘,6月
細見和史,4月
堀田明,1月
堀幸一,4月
堀内庄,10月
堀内恒夫,1月
堀江賢治,8月
堀込基明,10月
堀田一郎,4月
堀場英孝,6月
堀本律雄,1月
本田明浩,8月
本田威志,8月
本多雄一,11月
本堂保次,3月
本間勝,5月
本間満,8月
マイケル中村,9月
前岡勤也,8月
前川勝彦,9月
前川忠男,1月
前田章宏,6月
前田勝宏,6月
前田耕司,10月
前田三郎,5月
前田新悟,3月
前田大輔,9月
前田隆,11月
前田忠節,10月
前田智徳,6月
前田浩継,1月
前田益穂,5月
前田幸長,8月
前原博之,5月
前間卓,9月
牧勝彦,1月
真木将樹,2月
牧田勝吾,4月
牧谷宇佐美,5月
牧野茂,7月
牧野塁,7月
槙原寛己,8月
幕田賢治,5月
正岡真二,8月
桝重正,10月
益田昭雄,1月
益田明典,9月
枡田慎太郎,7月
益田大介,9月
益田尚哉,3月
増田浩,4月
益山性旭,8月
町田公二郎,12月
町田公雄,3月
町田行彦,3月
松修康,7月
松井稼頭央,10月
松井光介,8月
松井隆昌,8月
松井達徳,6月
松井秀喜,6月
松浦正,7月
松浦英信,2月
松尾幸造,6月
松尾輝義,4月
松尾英治,11月
松岡健一,6月
松岡正樹,1月
松家卓弘,7月
眞下貴之,4月
マック鈴木,5月
松坂健太,8月
松崎伸吾,9月
松下立美,3月
松田和久,7月
松田清,12月
松田匡司,11月
松谷竜二郎,7月
松中信彦,12月
松永浩美,9月
松永幸男,7月
松永美隆,5月
松林和雄,6月
松林茂,8月
松原誠,1月
松原靖,11月
松村正晴,10月
松本輝,8月
松本和雄,8月
松本啓二朗,6月
松本和弘,10月
松本忍,6月
松本隆,2月
松本匡史,8月
松本奉文,5月
松本尚樹,9月
松本操,12月
松本幸行,6月
松本利一,6月
松本竜也,4月
的場寛一,6月
的場直樹,5月
的山哲也,10月
真中満,1月
真鍋勝己,7月
真鍋幹三,11月
真弓明信,7月
丸尾英司,4月
丸毛謙一,8月
丸山泰嗣,5月
丸山二三雄,5月
三浦大輔,12月
三浦貴,5月
三浦将明,9月
三浦方義,8月
三木肇,4月
三木仁,9月
右田雅彦,6月
御子柴進,6月
三澤興一,6月
三沢淳,10月
水尾嘉孝,5月
水上善雄,8月
水口栄二,1月
水沢薫,2月
水沢英樹,5月
水田章雄,7月
水田圭介,11月
水谷茂雄,7月
水谷実雄,11月
水谷孝,4月
水谷則一,9月
水谷則博,4月
水谷寿伸,1月
水谷啓昭,7月
水沼四郎,2月
水野雄仁,9月
水野滉也,6月
水野良一,12月
水原茂,1月
水本勝己,10月
水本啓史,1月
三瀬幸司,3月
三瀬雅康,4月
道原裕幸,5月
三井浩二,9月
光原逸裕,10月
光山英和,11月
三富恒雄,8月
皆川康夫,11月
南温平,1月
南和彰,8月
南真一郎,4月
南秀憲,11月
南竜介,7月
南川忠亮,1月
南渕時高,10月
南村侑広,4月
南牟礼豊蔵,12月
峯本達雄,6月
三野勝大,7月
簑田浩二,3月
御船英之,10月
美間優槻,5月
三村勲,3月
三村敏之,9月
宮内仁一,6月
宮川将,10月
宮川孝雄,1月
三宅秀史,4月
三宅博,6月
都裕次郎,2月
宮越徹,4月
宮崎敦次,12月
宮崎一彰,4月
宮崎一夫,12月
宮崎仁郎,2月
宮崎剛,12月
宮崎充登,9月
宮崎祐樹,11月
宮地克彦,8月
宮下信明,8月
宮下昌己,1月
宮田典計,9月
宮田征典,11月
宮出隆自,8月
宮寺勝利,11月
宮本和知,2月
宮本四郎,5月
宮本慎也,11月
宮本大輔,10月
宮本幸信,6月
宮本洋二郎,4月
宮脇敏,6月
宮脇則昭,4月
三好真一,6月
三好幸雄,9月
三輪敬司,7月
三輪悟,9月
三輪正義,1月
麦倉洋一,7月
武藤潤一郎,3月
武藤孝司,6月
棟居進,11月
村上誠一,5月
村上隆行,8月
村上雅則,5月
村上義則,6月
村瀬広基,7月
村田勝喜,9月
村田修一,12月
村田真一,12月
村田善則,4月
村中恭兵,10月
村松有人,12月
村松長太郎,5月
村山実,12月
室山皓之助,11月
目時春雄,1月
面出哲志,6月
望月卓也,5月
望月一,4月
望月充,10月
元木大介,12月
本西厚博,5月
本原正治,4月
本村信吾,8月
本屋敷錦吾,10月
本柳和也,11月
森廣二,3月
森厚三,3月
森弘太郎,5月
森章剛,5月
森徹,11月
森雅功,9月
森昌彦,1月
守岡茂樹,3月
森岡裕之,5月
森笠繁,10月
森口哲夫,5月
森口益光,7月
森田幸一,9月
盛田幸妃,11月
森田実,3月
森田実,1月
森田芳彦,2月
盛田嘉哉,8月
森谷昭仁,10月
森谷昭,7月
森永勝也,4月
森野将彦,7月
森福允彦,7月
森光正吉,3月
森本潔,4月
森本龍弥,6月
森本学,1月
森山恵佑,5月
森山正義,9月
森脇浩司,8月
諸積兼司,5月
門奈哲寛,5月
八木茂,11月
屋宜照悟,3月
八木孝,9月
八木裕,6月
谷沢健一,9月
矢沢正,8月
屋鋪要,6月
八島祥司,9月
安井亀和,1月
安木祥二,11月
安田秀之,5月
安原政俊,10月
安原達佳,3月
谷内聖樹,4月
矢頭高雄,6月
柳川福三,10月
柳沢高雄,12月
柳沢裕一,8月
柳田利夫,8月
柳田真宏,5月
矢野燿大,12月
矢野英司,6月
矢野謙次,9月
矢野諭,4月
矢野正之,1月
矢ノ浦国満,2月
藪恵壹,9月
薮田安彦,6月
矢部祐一,8月
山内一弘,5月
山内和宏,9月
山内新一,12月
山内泰幸,3月
山尾孝雄,2月
山岡洋之,4月
山岡勝,12月
山沖之彦,7月
山川喜作,8月
山川晃司,11月
山川猛,2月
山岸静馬,4月
山岸穣,8月
山北茂利,1月
山口和男,5月
山口幸司,4月
山口弘佑,8月
山口重幸,6月
山口晋,4月
山口鉄也,11月
山口喜司,1月
山倉和博,9月
山崎章弘,5月
山崎一玄,7月
山崎健,10月
山崎賢太,5月
山崎敏,4月
山崎慎太郎,5月
山崎善平,4月
山崎隆広,10月
山崎貴弘,9月
山崎武司,11月
山崎憲晴,12月
山崎弘美,10月
山崎正之,6月
山崎隆造,4月
山下和輝,8月
山下勝充,5月
山下司,7月
山下徳人,10月
山田秋親,9月
山田和利,6月
山田和英,12月
山田勝彦,7月
山田喜久夫,7月
山田潔,1月
山田広二,11月
山田潤,8月
山田真介,6月
山田貴志,5月
山田武史,6月
山田勉,10月
山田勉,2月
山田利昭,1月
山田敏彦,7月
山田博士,6月
山中潔,10月
山中巽,1月
山根和夫,8月
山根雅仁,11月
山野和明,5月
山部太,1月
山村宏樹,5月
山村路直,12月
山本和生,9月
山本和男,2月
山本和作,9月
山本和範,10月
山本和行,6月
山本一義,7月
山本桂,5月
山本賢寿,4月
山本浩二,10月
山本功児,12月
山本幸二,11月
山本重政,3月
山本静雄,12月
山本省吾,5月
山本真一,4月
山本晴三,4月
山本拓司,11月
山本哲也,9月
山本哲哉,9月
山本久夫,1月
山本翔也,10月
山本昌,8月
山本雅夫,8月
山本雅士,11月
山本光将,8月
山本保司,4月
山本幸正,8月
山本義司,9月
山脇光治,10月
ユウキ,6月
湯舟敏郎,10月
弓長起浩,7月
横沢七郎,1月
横田慎太郎,6月
横田久則,9月
横田真之,11月
横谷彰将,4月
横谷総一,9月
横地由松,5月
横松寿一,2月
横溝桂,10月
横山光次,6月
横山小次郎,7月
横山貴明,4月
横山忠夫,1月
横山弘樹,3月
横山昌弘,2月
横山道哉,6月
横山竜士,6月
吉井英昭,4月
吉井理人,4月
吉江英四郎,7月
吉岡史郎,7月
吉岡雄二,7月
吉川勝成,4月
吉川輝昭,11月
吉川弘幸,9月
吉川昌宏,6月
吉川元浩,7月
吉崎勝,10月
吉沢岳男,7月
吉沢秀和,5月
吉田篤史,9月
吉田猪佐喜,7月
吉田英司,9月
吉田勝豊,3月
吉田勝彦,1月
吉田好太,12月
吉田修司,11月
由田慎太郎,7月
吉田孝司,6月
吉田剛,11月
吉田豊彦,9月
吉田浩,11月
吉田博之,10月
吉田太,9月
吉田康夫,6月
吉田義男,7月
吉田雄人,6月
吉武真太郎,6月
吉竹春樹,1月
吉鶴憲治,5月
吉年滝徳,10月
吉永幸一郎,5月
吉成武雄,7月
吉野誠,11月
吉原孝介,3月
義原武敏,7月
吉見祐治,5月
吉水幸夫,2月
芳村嵓夫,4月
善村一仁,1月
吉村禎章,4月
吉村典男,9月
吉村将生,4月
吉村裕基,6月
吉本亮,11月
吉本亮,5月
四條稔,9月
与田剛,12月
米崎薫臣,3月
米田哲也,3月
米村明,8月
米村和樹,4月
米山哲夫,4月
龍憲一,4月
竜太郎,6月
亮寛,4月
若竹竜士,10月
若菜嘉晴,12月
若林隆信,2月
若林弘泰,4月
若松駿太,2月
脇谷亮太,11月
若生和也,11月
若生忠男,8月
若生智男,4月
和田功,6月
和田一浩,6月
和田孝志,10月
和田徹,7月
和田豊,9月
渡邉恒樹,5月
渡辺絢吾,11月
渡辺純志,8月
渡辺俊介,8月
渡辺省三,2月
渡辺伸治,9月
渡辺誠太郎,6月
渡邉孝男,2月
渡辺長助,10月
渡辺伸彦,3月
渡辺英昭,8月
渡辺秀武,9月
渡辺弘基,10月
渡辺博敏,11月
渡邉博幸,6月
渡辺正人,4月
渡辺政仁,7月
渡辺亮,2月
渡部高史,8月
渡部司,6月
度会博文,1月
相沢進,6月
ティム・アイルランド,3月
クリス・アギーラ,2月
マニー・アコスタ,5月
ケン・アスプロ,9月
アダム・ハイズデュ,12月
サムエル・アダメス,9月
スコット・アッチソン,3月
アブナー・アブレイユ,10月
ウィンストン・アブレイユ,4月
ミチェル・アブレイユ,1月
ジャフェット・アマダー,1月
エルビス・アラウホ,7月
アラン山本,4月
ジョージ・アリアス,3月
オズワルド・アルシア,5月
ジョージ・アルトマン,3月
アンドリュー・アルバース,10月
ジョナサン・アルバラデホ,10月
エドガルド・アルフォンゾ,11月
エリック・アルモンテ,2月
ソイロ・アルモンテ,6月
ヘクター・アルモンテ,10月
アレックス・オチョア,3月
キム・アレン,4月
チャド・アレン,2月
ブランドン・アレン,2月
ロッド・アレン,10月
安旭,9月
アンソニー・カーター,4月
スコット・アンダーソン,8月
レスリー・アンダーソン,3月
ティム・アンロー,10月
李承燁,10月
イ・デウン,3月
李大浩,6月
李炳圭,10月
李恵践,3月
李杋浩,11月
林昌勇,6月
ピート・インカビリア,4月
インチェ,5月
ゼラス・ウィーラー,1月
ジョー・ウィーランド,1月
リチャード・ウィッグス,10月
ケビン・ウィット,1月
ダレル・ウィットモア,11月
ジミー・ウィリアム,5月
ジェフ・ウィリアムス,6月
ランディ・ウィリアムス,9月
ジミー・ウィリアムズ,5月
ウィルソン・バルデス,5月
デジ・ウィルソン,5月
ナイジェル・ウィルソン,1月
マーベル・ウイン,12月
ライアン・ウィング,2月
呉偲佑,5月
呉念庭,6月
呉猛,1月
マット・ウエスト,11月
ブライアン・ウォーレン,4月
ボブ・ウォルコット,9月
ジェイソン・ウルキデス,9月
サルバトーレ・ウルソー,1月
ブライアン・ウルフ,11月
レオナルド・ウルヘエス,1月
アンディ・エイバッド,8月
エドウィン・エスコバー,4月
エンジェル・エチェバリア,5月
タイラー・エップラー,1月
エドガー・ゴンザレス,6月
トム・エバンス,7月
ニック・エバンス,1月
エリアン・エレラ,2月
ブラッド・エルドレッド,7月
アンダーソン・エルナンデス,10月
ナルシソ・エルビラ,10月
ヨスラン・エレラ,4月
エンリケ・ラミレス,8月
呉昇桓,7月
ホセ・オーティズ,6月
ロス・オーレンドルフ,8月
クリス・オクスプリング,5月
ポール・オセゲラ,1月
ウェス・オバミュラー,12月
シャーマン・オバンドー,1月
ウィルフィン・オビスポ,9月
アルビス・オヘイダ,9月
トーマス・オマリー,12月
リチャード・オルセン,6月
ラモン・オルティズ,5月
ダグ・オルト,3月
マイケル・オルムステッド,5月
エドガー・オルモス,4月
ローガン・オンドルセク,2月
ウィリー・カークランド,2月
クリス・カーター,9月
ランス・カーター,12月
アート・ガードナー,9月
クリス・カーペンター,12月
バディ・カーライル,12月
ダン・カールソン,1月
カールトン半田,4月
アーロン・ガイエル,10月
郭源治,10月
郭李建夫,3月
柏枝文治,8月
ファビオ・カスティーヨ,2月
ホセ・カスティーヨ,3月
ボビー・カスティーヨ,4月
ペドロ・カステヤーノ,3月
アレックス・カステヤーノス,8月
アンヘル・カストロ,11月
リック・ガトームソン,1月
金伏ウーゴ,5月
バーバロ・カニザレス,11月
ガブリエル・ガルシア,5月
アレックス・カブレラ,12月
ダニエル・カブレラ,5月
ホルベルト・カブレラ,12月
アルキメデス・カミネロ,6月
キース・カムストック,12月
マット・カラシティー,7月
D.J.カラスコ,4月
フェリックス・カラスコ,2月
ヘクター・カラスコ,10月
ビクター・ガラテ,9月
フランシスコ・カラバイヨ,10月
ビル・ガリクソン,2月
エスマイリン・カリダ,10月
オネルキ・ガルシア,8月
カリーム・ガルシア,10月
フレッディ・ガルシア,8月
ホセ・アドリス・ガルシア,3月
ルイス・ガルシア,11月
フランク・ガルセス,1月
クラウディオ・ガルバ,3月
バルビーノ・ガルベス,3月
カルロス・ロサ,9月
クリストファー・カンバーランド,1月
レオネル・カンポス,7月
マット・キーオ,7月
マット・キニー,12月
金泰均,5月
金炳賢,1月
金無英,11月
ゲーブ・キャプラー,7月
エディ・ギャラード,8月
マーク・キャリオン,7月
ギャレット・ジョーンズ,6月
ウェイン・ギャレット,12月
エイドリアン・ギャレット,1月
アレクシス・キャンデラリオ,5月
エリック・キャンベル,4月
キラ・カアイフエ,3月
ショーン・ギルバート,3月
プレストン・ギルメット,7月
マイク・キンケード,5月
マーカス・グウィン,11月
リンゼイ・グーリン,11月
スコット・クールボー,6月
郭俊麟,2月
アントニオ・グスマン,9月
ジョエル・グスマン,11月
ヘスス・グスマン,6月
ライアン・クック,6月
ジェフ・クベンカ,8月
フィル・クラーク,5月
マット・クラーク,12月
セス・グライシンガー,7月
フィル・クライン,4月
ジュリスベル・グラシアル,10月
フランクリン・グラセスキー,8月
ダン・グラッデン,7月
ジェイソン・グラボースキー,5月
アレックス・グラマン,11月
ダグ・クリーク,3月
アンディ・グリーン,7月
ディーン・グリーン,6月
マイク・グリーンウェル,7月
ユリエスキ・グリエル,6月
ルルデス・グリエル・ジュニア,10月
ライアン・グリン,11月
リック・クルーガー,11月
イバン・クルーズ,5月
ヘクター・クルーズ,4月
ライナー・クルーズ,11月
ルイス・クルーズ,2月
マーク・クルーン,4月
ラファエル・クルス,5月
クレイグ・ワーシントン,4月
ボビー・クレイマー,10月
マイク・クレス,9月
フェリペ・クレスポ,3月
グレン・デービス,3月
ゲーリー・グローバー,12月
マイケル・クロッタ,9月
ジョー・クロフォード,5月
ウォーレン・クロマティ,9月
チャック・ケアリー,3月
リッチ・ゲイル,1月
ジョー・ゲインズ,11月
ゲーリー・レーシッチ,10月
アレファンドロ・ケサダ,7月
ボビー・ケッペル,6月
ケムナ誠,6月
アレックス・ゲレーロ,11月
ウィルフィレーセル・ゲレロ,10月
呉新亨,1月
フィル・コーク,7月
ティム・コーコラン,4月
レイ・コージ,2月
エリック・コーディエ,2月
ジョニー・ゴームズ,11月
ブライアン・コーリー,10月
ダネル・コールズ,6月
小島勝治,8月
ベン・コズロースキー,8月
ヘンリー・コトー,1月
アレクシス・ゴメス,8月
アンダーソン・ゴメス,3月
マウロ・ゴメス,9月
レオ・ゴメス,3月
オスカー・コラス,9月
ジョシュ・コラレス,5月
レミー・コルデロ,12月
ジョン・コロンカ,7月
エンリケ・ゴンザレス,7月
ダン・ゴンザレス,9月
ディッキー・ゴンザレス,12月
デニー・ゴンザレス,7月
トニー・ゴンザレス,8月
ルイス・ゴンザレス,6月
ブルックス・コンラッド,1月
ランドール・サイモン,5月
マイク・ザガースキー,1月
櫻井嘉実,10月
コーディ・サターホワイト,1月
佐野泰雄,1月
デニス・サファテ,4月
サムソン・リー,3月
オスカー・サラサー,6月
ロバート・ザラテ,2月
フアン・サンタナ,8月
フリオ・サンタナ,1月
フォアキン・サンタマリア,9月
ルイス・サンチェ,8月
ギャビー・サンチェス,9月
ロムロ・サンチェス,4月
マリオ・サンティアゴ,12月
サンティアゴ・ラミレス,8月
ロエル・サントス,9月
ネイト・シアーホルツ,2月
ディロン・ジー,4月
リード・シークリスト,5月
GG,1月
C.C.リー,10月
アンディ・シーツ,11月
スコット・シーボル,5月
JDダービン,2月
ディオン・ジェームズ,11月
リッチー・シェーン,11月
タナー・シェッパーズ,1月
ジェフン,10月
カイル・ジェンセン,5月
ジオ・アルバラード,1月
ブライアン・シコースキー,7月
ジョン・シピン,8月
ケビン・ジャービス,8月
ジェイ・ジャクソン,10月
ブルック・ジャコビー,11月
ジャック・ドウティー,7月
ジャスティン・ジャマーノ,8月
エステバン・ジャン,6月
姜建銘,5月
朱大衛,7月
許銘傑,12月
エリック・シュールストロム,3月
ブライアン・シュリッター,12月
マイク・シュルツ,11月
蕭一傑,1月
ジョージ・ヒンショー,10月
ダリル・ジョージ,3月
ジョーダン・ノルベルト,12月
ジョシュ・ショート,4月
アンドリュー・ジョーンズ,4月
ジミー・ジョーンズ,4月
ボビー・ジョーンズ,10月
ミッチ・ジョーンズ,10月
ルパート・ジョーンズ,3月
グレッグ・ジョンストン,2月
クリス・ジョンソン,10月
デービー・ジョンソン,1月
ピアース・ジョンソン,5月
マーク・ジョンソン,10月
マイク・ジョンソン,10月
ランディ・ジョンソン,6月
アウディ・シリアコ,6月
申成鉉,10月
アルバート・スアレス,10月
ロベルト・スアレス,3月
ブライアン・スウィーニー,6月
マット・スクルメタ,11月
ボビー・スケールズ,10月
ロブ・スタニファー,3月
エリック・スタルツ,12月
ヴィクトル・スタルヒン,5月
リロイ・スタントン,4月
ジェイソン・スタンリッジ,11月
ジーン・スチブンス,1月
ジョッシュ・スチュワート,12月
カーター・スチュワート・ジュニア,11月
マット・ステアーズ,2月
スティーブ・ストローター,3月
ライアン・スパイアー,7月
スパイク,1月
チャーリー・スパイクス,1月
ライアン・スピリー,9月
シェーン・スペンサー,2月
レジー・スミス,4月
フリオ・ズレータ,3月
ターメル・スレッジ,3月
フェルナンド・セギノール,1月
アレハンドロ・セゴビア,4月
ディオニス・セサル,9月
セドリック・バワーズ,2月
クリス・セドン,10月
レイソン・セプティモ,7月
フレデリク・セペダ,4月
瀬間仲ノルベルト,5月
アンソニー・セラテリ,2月
ダン・セラフィニ,1月
鄭凱文,7月
曹竣揚,3月
ホルヘ・ソーサ,4月
ミゲル・ソコロビッチ,7月
エンジェルベルト・ソト,8月
ネフタリ・ソト,2月
ヤンガービス・ソラーテ,7月
アルフォンソ・ソリアーノ,1月
ディオーニ・ソリアーノ,12月
サミー・ソリス,8月
マイク・ソロムコ,7月
宋相勲,2月
宋家豪,9月
宣銅烈,1月
ダーウィン・クビアン,11月
大順将弘,11月
大豊泰昭,11月
タイロン・ウッズ,8月
高橋吉雄,2月
ショーン・ダグラス,4月
ブランドン・ダックワース,1月
ジョアン・タバーレス,11月
マット・ダフィー,2月
玉木重雄,2月
トニー・タラスコ,12月
マリアーノ・ダンカン,3月
ロビンソン・チェコ,9月
チェン・ウェイン,7月
陳冠宇,10月
ウェス・チェンバレン,4月
ヨヘルミン・チャベス,1月
ヴィニー・チューク,12月
趙成珉,4月
張奕,2月
鄭珉哲,3月
鄭珉台,3月
マット・チルダース,12月
蔡森夫,8月
崔暁,7月
ブラッド・ツイドリー,12月
ロブ・ディアー,9月
エディ・ディアス,9月
ビクトル・ディアス,12月
フェリックス・ディアス,7月
オコエ・ディクソン,2月
ブランドン・ディクソン,11月
ベニー・ディステファーノ,1月
トム・デイビー,9月
カイル・デイビーズ,9月
デイモン・マイナー,1月
オジー・ティモンズ,9月
ジョー・ディロン,8月
ディンゴ,12月
ポール・デード,12月
ウィリー・デービス,4月
スコット・デービソン,10月
ボビー・テーラー,3月
アルフレド・デスパイネ,6月
エルマー・デセンス,1月
シェーン・デニス,7月
ミッチ・デニング,8月
リック・デハート,3月
デビット・パブラス,8月
スコット・デビッド・サービス,2月
ダニーロ・デヘスス,11月
マイク・デュプリー,5月
フェルナンド・デラクルーズ,1月
フランシスコ・デラクルーズ,7月
ヘクター・デラクルーズ,12月
エウロ・デラクルス,3月
スティーブ・デラバー,7月
トマス・デラロサ,1月
ルビー・デラロサ,3月
ルイス・テレーロ,5月
ファン・デレオン,6月
ジェイミー・デントナ,5月
テリー・ドイル,11月
ジム・ドゥール,8月
ドリュー・トゥサント,10月
ジャスティン・トーマス,1月
ブラッド・トーマス,10月
スコット・ドーマン,2月
カルロス・トーレス,10月
ラリー・ドビー,12月
ゲーリー・トマソン,7月
マット・ドミンゲス,8月
ドミンゴ・グスマン,4月
ラファエル・ドリス,1月
ヤディル・ドレイク,4月
アンディ・トレーシー,12月
チャド・トレーシー,5月
マイケル・トンキン,11月
ジェイソン・トンプソン,6月
クリス・ナーブソン,12月
ブランドン・ナイト,10月
仲尾次オスカル,3月
リカルド・ナニータ,6月
エフレン・ナバーロ,5月
ヤマイコ・ナバーロ,10月
ボブ・ニーマン,1月
ザック・ニール,11月
クリストファー・ニコースキー,3月
西田亨,7月
ニック・スタビノア,5月
ニューク,6月
アラン・ニューマン,10月
ドリュー・ネイラー,5月
マキシモ・ネルソン,4月
ノエル・ウレーニャ,8月
エリック・ノット,9月
野村佑希,6月
ショーン・バーグマン,4月
タイラー・リー・バークレオ,10月
アンソニー・バース,11月
ランディ・バース,3月
ジミー・ハースト,3月
ブライアン・バーデン,4月
バート・シャーリー,1月
ジェイソン・ハートキー,9月
ディーン・ハートグレイブス,8月
マイク・ハートリー,8月
ゲイリー・バーナム・ジュニア,10月
トニー・バーネット,11月
ブレット・ハーパー,7月
ジェシー・バーフィールド,10月
ジョニー・バーベイト,7月
フランク・ハーマン,5月
ジェレミー・ハーミッダ,1月
ケビン・バーン,1月
エイドリアン・バーンサイド,3月
ピーター・バーンサイド,7月
ラリー・バーンズ,7月
フィル・ハイアット,5月
エドガルド・バイエス,7月
フレディ・バイエスタス,10月
フレディ・バイナム,3月
フアン・ハイメ,8月
ジャック・ハウエル,8月
アロンゾ・パウエル,12月
ジェレミー・パウエル,6月
ジム・ハウザー,3月
朴賛浩,7月
アダム・バス,7月
ヴァル・パスクチ,11月
エスメルリング・バスケス,11月
ジョン・パセラ,9月
ジム・パチョレック,6月
ジーン・バッキー,8月
スペンサー・パットン,2月
ビセンテ・パディーヤ,9月
サビエル・バティスタ,1月
トニー・バティスタ,12月
ジョーイ・バトラー,3月
ハワード・バトル,3月
ブライアン・バニスター,2月
ジム・バビー,9月
デビッド・ハフ,8月
チャド・ハフマン,4月
クレイトン・ハミルトン,6月
スティーブ・ハモンド,4月
ネルソン・パヤノ,11月
ジミー・パラデス,11月
ジェフ・バリー,9月
エディソン・バリオス,10月
ラリー・パリッシュ,11月
ブライアン・バリントン,9月
ケニス・バルガス,8月
マーチン・バルガス,2月
アーロム・バルディリス,1月
エドワード・バルデス,2月
カルロス・バルデス,12月
マーク・バルデス,12月
ラウル・バルデス,11月
リッキー・バレット,3月
ジョー・バレンタイン,12月
フレッド・バレンタイン,1月
ウラディミール・バレンティン,7月
エリック・バレント,4月
ジャスティン・ハンコック,10月
バンスロー,10月
グレッグ・ハンセル,3月
デーブ・ハンセン,11月
メルビン・バンチ,11月
リック・バンデンハーク,5月
アンディ・バンヘッケン,7月
デュアンテ・ヒース,8月
ダヤン・ビシエド,3月
ジム・ヒックス,5月
ケルビン・ヒメネス,10月
ルイス・ヒメネス,5月
ルイス・ヒメネス,1月
クリスチャン・ビヤヌエバ,6月
ジャスティン・ヒューバー,7月
デーブ・ヒルトン,9月
エリック・ヒルマン,4月
デュアン・ビロウ,11月
広田順,8月
レニエル・ピント,7月
スティーブン・ファイフ,10月
ブライアン・ファルケンボーグ,1月
黄志龍,2月
ルーク・ファンミル,9月
マイク・フィアリー,12月
ジョシュ・フィールズ,12月
ジェフ・フィオレンティーノ,4月
アルフレッド・フィガロ,7月
アンディ・フィリップス,4月
ザック・フィリップス,9月
レスリー・フィルキンス,9月
セシル・フィルダー,9月
フアン・フェリシアーノ,4月
ペドロ・フェリシアーノ,8月
ジャレッド・フェルナンデス,2月
チコ・フェルナンデス,3月
ホセ・フェルナンデス,11月
ラファエル・フェルナンデス,4月
ルシアノ・フェルナンド,4月
ルー・フォード,8月
スティーブ・フォックス,2月
ケーシー・フォッサム,1月
デビッド・ブキャナン,5月
ブライアン・ブキャナン,7月
藤重登,9月
アラン・ブセニッツ,8月
ラルフ・ブライアント,5月
ジェイソン・プライディ,10月
アダム・ブライト,8月
ジム・ブラウワー,12月
ジェイミー・ブラウン,3月
ディー・ブラウン,3月
マーク・ブラウン,2月
マーティ・ブラウン,1月
マイク・ブラウン,12月
ルイス・ブラウン,12月
クレイグ・ブラゼル,5月
ヤンシー・ブラゾバン,6月
トラビス・ブラックリー,11月
ジャバリ・ブラッシュ,7月
ブラッドリー・バーゲセン,9月
フィル・ブラッドリー,3月
マイカ・フランクリン,4月
エスターリン・フランコ,11月
フリオ・フランコ,8月
マット・フランコ,8月
トニ・ブランコ,11月
フアン・フランシスコ,6月
ヘロニモ・フランスア,9月
ミッキー・ブラントリー,6月
ブランドン・マン,5月
クリフ・ブランボー,4月
ハル・ブリーデン,6月
ジェイク・ブリガム,2月
サンディ・ブリトー,7月
ライアン・ブレイシア,8月
ブレント・ブレイディー,9月
フレッド・クハウルア,2月
スコット・ブレット,12月
マイク・ブロードウェイ,3月
クリス・ブロック,2月
マイク・ブロワーズ,4月
マット・ヘイグ,8月
コリー・ベイリー,1月
ジョナ・ベイリス,8月
ジョン・ベイル,5月
ブレイディン・ヘーゲンズ,5月
ウィリー・モー・ペーニャ,1月
ラミロ・ペーニャ,7月
マルコス・ベキオナチ,8月
白嗟承,5月
カルロス・ペゲーロ,2月
フランシスコ・ペゲーロ,6月
カンディド・ヘスス,10月
マイク・ヘスマン,3月
ロベルト・ペタジーニ,6月
ユニエスキー・ベタンコート,1月
ロドニー・ペドラザ,12月
ザック・ペトリック,7月
ベニー・アグバヤニ,12月
ブラッド・ペニー,5月
ジョニー・ヘルウェグ,10月
ソイロ・ベルサイエス,12月
レノ・ベルトイア,1月
フェリックス・ペルドモ,7月
リゴ・ベルトラン,11月
エステバン・ヘルマン,1月
ゴンザレス・ヘルメン,9月
エルネスト・ペレイラ,5月
エドワード・ペレス,9月
カルロス・ペレス,11月
ネルソン・ペレス,11月
フェリックス・ペレス,11月
ヨーキス・ペレス,9月
ラファエル・ペレス,5月
ルイス・ペレス,1月
クリスチャン・ベロア,4月
グレゴリー・ベロス,6月
ヘイデン・ペン,10月
ドウェイン・ヘンリー,2月
ポール・ホイタック,11月
ブレイン・ボイヤー,7月
ジョン・ボウカー,7月
ブルース・ボウクレア,12月
マイケル・ボウデン,9月
ライアン・ボーグルソン,7月
ルー・ポート,8月
フェリペ・ポーリーノ,10月
フランク・ボーリック,6月
メル・ホール,9月
ジェフ・ボール,4月
デニス・ホールトン,8月
ヒラム・ボカチカ,3月
ブライアン・ボグセビック,2月
ホセ・パーラ,11月
ケビン・ホッジス,6月
トレイ・ホッジス,6月
ジェイソン・ボッツ,7月
ゲイル・ホプキンス,2月
マイカ・ホフパワー,3月
デーモン・ホリンズ,6月
マイク・ボルシンガー,1月
アーロン・ポレダ,10月
ラファエル・ポロ,4月
デリック・ホワイト,10月
ロイ・ホワイト,12月
ジョシュ・ホワイトセル,4月
ジム・マーシャル,5月
ケビン・マース,1月
ジーン・マーチン,1月
カイル・マーティン,1月
クリス・マーティン,6月
レオニス・マーティン,3月
マット・マートン,10月
ビル・マーフィー,5月
アーロン・マイエット,9月
マイルズ・マイコラス,8月
ロドニー・マイヤーズ,6月
アレッサンドロ・マエストリ,6月
曲尾マイケ,11月
ケーシー・マギー,10月
ミッキー・マクガイア,1月
スコット・マクガフ,10月
ボブ・マクドナルド,4月
エバン・マクレーン,11月
スコット・マクレーン,5月
ボブ・マクローリー,5月
ジミー・マケーブ,1月
ホセ・マシーアス,1月
ダグ・マシス,6月
スコット・マシソン,2月
シェーン・マック,12月
マックス・ベナブル,6月
レオン・マックファーデン,4月
ロブ・マットソン,11月
松元ユウイチ,12月
ナタナエル・マテオ,12月
マルコス・マテオ,4月
ウィルソン・マトス,4月
ワーナー・マドリガル,3月
マリオ・バルデス,11月
マリオ・ブリトー,4月
ジェフリー・マルテ,6月
ビクトル・マルテ,11月
アリエル・マルティネス,5月
ドミンゴ・マルティネス,8月
ニック・マルティネス,8月
ホルヘ・マルティネス,3月
ライデル・マルティネス,10月
ルイス・マルティネス,1月
ライアン・マルハーン,11月
クリス・マレーロ,7月
ブライアン・マレット,1月
スコット・マレン,1月
ジェフ・マント,8月
バート・ミアディッチ,2月
ミゲル・メヒア,1月
キャム・ミコライオ,5月
ダン・ミセリ,9月
パット・ミッシュ,8月
セルジオ・ミトレ,2月
南貴樹,10月
三宅宗源,12月
宮本敏雄,4月
ヘンスリー・ミューレン,6月
カート・ミラー,8月
ジャスティン・ミラー,8月
ジョン・ミラー,3月
カルロス・ミラバル,4月
アリエル・ミランダ,1月
フアン・ミランダ,4月
ブラッド・ミルズ,3月
ラスティングス・ミレッジ,4月
ネイサン・ミンチー,8月
トレイ・ムーア,10月
フアン・カルロス・ムニス,1月
アガスティン・ムリーロ,5月
ダレル・メイ,6月
デリック・メイ,7月
レアンドロ・メジャ,5月
ランディ・メッセンジャー,8月
ルイス・メディーナ,3月
アルフレッド・メナ,12月
ジョーイ・メネセス,5月
アレハンドロ・メヒア,3月
エルネスト・メヒア,12月
クリストファー・クリソストモ・メルセデス,3月
ケビン・メンチ,1月
ロマン・メンデス,7月
アニェニル・メンドーサ,12月
エクトル・メンドーサ,3月
ルイス・メンドーサ,10月
リバン・モイネロ,12月
ナイジャー・モーガン,7月
ケビン・モスカテル,5月
ギジェルモ・モスコーソ,11月
ロイド・モスビー,11月
イスラエル・モタ,1月
ケン・モッカ,9月
ダリル・モトリー,1月
スティーブン・モヤ,8月
フアン・モリーヨ,11月
ダスティン・モルケン,8月
ディエゴ・モレノ,7月
ブレント・モレル,4月
ラモン・モレル,8月
リッチ・モンテ,3月
エマイリン・モンティージャ,10月
フランク・ヤシック,5月
陽耀勲,1月
エリック・ヤング,1月
ティム・ヤング,10月
マイク・ヤング,3月
テイラー・ヤングマン,12月
ケビン・ユーキリス,3月
陽岱鋼,1月
与儀眞助,2月
義信,8月
与那嶺要,2月
マーク・ライアル,4月
ラスティ・ライアル,3月
クライド・ライト,2月
ジム・ライトル,5月
ミッチ・ライブリー,9月
マイク・ラインバック,8月
ゲーリー・ラス,1月
ダレル・ラズナー,1月
ザック・ラッツ,6月
エリック・ラドウィック,12月
ブライアン・ラヘア,11月
フェリックス・ラミーレス,1月
ラモン・ラミーレス,8月
アレックス・ラミレス,10月
ロベルト・ラミレズ,8月
アレックス・ラミレス・ジュニア,9月
スティーブン・ラム,10月
レイミン・ラモス,4月
エドガー・ララ,3月
クリス・ラルー,4月
グレッグ・ラロッカ,11月
コーディ・ランサム,2月
リック・ランス,7月
ダン・ランズラー,3月
マット・ランデル,2月
デビッド・ランドクィスト,6月
チェイス・ランビン,6月
コリー・リー,12月
李昱鴻,2月
李景一,4月
李鍾範,8月
李杜軒,4月
クリス・リーソップ,11月
アマウリ・リーバス,12月
ダニエル・リオス,11月
ジェロッド・リガン,5月
アダム・リグス,10月
ラダメス・リズ,10月
リック・ショート,12月
オマール・リナレス,10月
カルロス・リベラ,11月
ベン・リベラ,1月
カルロス・リベロ,5月
廖任磊,8月
ネルソン・リリアーノ,6月
林羿豪,1月
林彦峰,5月
林威助,1月
林恩宇,3月
トッド・リンデン,6月
ジャック・リンド,6月
呂彦青,3月
呂建剛,2月
ランディ・ルイーズ,10月
ルイス・サントス,12月
コルビー・ルイス,8月
フレッド・ルイス,12月
ジョシュ・ルーキ,12月
ライアン・ループ,3月
エクトル・ルナ,2月
ウェイド・ルブラン,8月
ブランドン・レアード,9月
ケニー・レイ,11月
クリス・レイサム,5月
エジソン・レイノソ,10月
グレッグ・レイノルズ,7月
ジョシュ・レイビン,1月
ケニー・レイボーン,11月
デーブ・レーシッチ,9月
カイル・レグナルト,12月
ジョン・レスター,2月
マイケル・レストビッチ,1月
サル・レッカ,11月
ウィル・レデズマ,1月
アンソニー・レルー,10月
呂明賜,10月
キャメロン・ロー,9月
タフィ・ローズ,8月
ロバート・ローズ,3月
ドン・ローチ,12月
ウェイド・ロードン,9月
ケイシー・ローレンス,10月
ローン・ウッズ,2月
ウィリン・ロサリオ,2月
ライネル・ロサリオ,3月
ジェイソン・ロジャース,3月
ヴィニー・ロッティーノ,4月
ジョエリー・ロドリゲス,11月
ネリオ・ロドリゲス,3月
ブライアン・ロドリゲス,7月
クリス・ロバーツ,6月
ポーフィリオ・ロペス,3月
ホセ・ロペス,11月
ルイス・ロペス,9月
ルイス・ロペス,10月
ジェイミー・ロマック,9月
マイク・ロマノ,3月
オーランド・ロマン,11月
エニー・ロメロ,1月
ステフェン・ロメロ,10月
レビ・ロメロ,4月
ホルヘ・ロンドン,9月
ジェイ・ワード,9月
ニール・ワグナー,1月
ジョン・ワズディン,8月
マーク・ワトソン,1月
マット・ワトソン,9月
王溢正,10月
王彦程,2月
王柏融,9月
