相川進,1948年2月12日
相川亮二,1976年7月11日
相川良太,1977年1月18日
相木崇,1978年5月16日
愛敬尚史,1976年12月4日
愛甲猛,1962年8月15日
相澤寿聡,1987年12月14日
会田豊彦,1937年4月1日
会田有志,1984年1月30日
相羽欣厚,1943年12月8日
相原勝幸,1983年7月24日
青木勝男,1946年5月7日
青木惇,1936年5月29日
青木高広,1981年11月26日
青木智史,1979年9月10日
青木勇人,1977年5月6日
青木宥明,1937年4月18日
青木稔,1934年9月7日
青木陸,1997年11月11日
青田昇,1924年11月22日
青野毅,1983年1月12日
青松敬鎔,1986年12月7日
青柳昴樹,1997年5月19日
青山大紀,1994年11月28日
青山久人,1957年6月28日
青山裕治,1933年4月28日
青山誠,1991年11月1日
赤田将吾,1980年9月1日
赤星憲広,1976年4月10日
赤堀元之,1970年4月7日
赤松一朗,1955年10月17日
赤松真人,1982年9月6日
赤嶺賢勇,1958年5月20日
秋田秀幸,1955年4月29日
秋葉直樹,1973年3月22日
秋村謙宏,1966年2月26日
秋元肇,1946年10月20日
秋本祐作,1935年6月30日
阿久津義雄,1936年7月11日
阿久根鋼吉,1974年6月22日
浅井樹,1971年12月14日
朝井茂治,1941年5月11日
浅井太郎,1914年5月8日
朝井秀樹,1984年1月1日
浅井良,1979年7月19日
浅尾拓也,1984年10月22日
浅岡三郎,1914年2月8日
浅越桂一,1936年7月28日
浅野啓司,1949年2月22日
浅野智治,1971年4月17日
浅間敬太,1984年8月19日
朝山東洋,1976年7月29日
足木敏郎,1934年9月27日
芦沢公一,1969年12月1日
東瀬耕太郎,1967年5月6日
東和政,1982年6月1日
東辰弥,1979年4月25日
小豆畑真也,1988年7月22日
安達智次郎,1974年8月21日
足立亘,1968年1月8日
安仁屋宗八,1944年8月17日
阿野鉱二,1948年1月1日
安部理,1962年12月19日
阿部和成,1989年5月19日
安部和春,1940年4月7日
阿部慶二,1961年4月20日
阿部健太,1984年9月8日
阿部茂樹,1972年7月5日
阿部成宏,1947年3月27日
阿部慎之助,1979年3月20日
阿部真宏,1978年5月12日
阿部良男,1946年5月15日
天野浩一,1979年4月12日
天野勇剛,1977年12月11日
天谷宗一郎,1983年11月8日
綾部翔,1997年4月25日
鮎川義文,1970年4月2日
新井茂,1935年9月29日
新井貴浩,1977年1月30日
新井良夫,1950年7月17日
洗平竜也,1979年1月9日
新垣渚,1980年5月9日
新垣勇人,1985年10月21日
荒金久雄,1978年8月1日
荒川巌,1942年4月30日
荒川昇治,1924年4月15日
荒川宗一,1925年9月1日
荒川哲男,1968年4月27日
荒木雅博,1977年9月13日
荒波翔,1986年1月25日
荒張裕司,1989年4月24日
有賀佳弘,1957年10月15日
有倉雅史,1967年6月12日
有田修三,1951年9月27日
有田哲三,1949年10月21日
有光磐明,1944年5月6日
有村家斉,1914年7月24日
有銘兼久,1978年9月27日
淡口憲治,1952年4月5日
阿波野秀幸,1964年7月28日
安斉雄虎,1991年10月28日
安藤学,1967年5月29日
安藤統男,1939年4月8日
安藤元博,1939年10月26日
安藤優也,1977年12月27日
井洋雄,1937年5月2日
飯尾為男,1933年10月15日
井石礼司,1942年9月5日
飯田哲也,1968年5月18日
飯田哲矢,1991年3月28日
飯田正男,1959年9月20日
飯田雅司,1977年5月19日
飯田幸夫,1947年4月9日
飯山平一,1935年2月3日
飯山裕志,1979年7月13日
井生崇光,1981年3月12日
五十嵐章人,1968年4月12日
五十嵐明,1969年10月11日
五十嵐辰馬,1930年8月10日
井川慶,1979年7月13日
井口資仁,1974年12月4日
伊熊博一,1948年5月29日
池上誠一,1967年6月12日
池内豊,1952年4月7日
池谷公二郎,1952年6月28日
池島和彦,1947年2月9日
池田宇隆,1973年3月29日
池田郁夫,1974年6月22日
池田剛基,1984年8月5日
池田純一,1946年5月15日
池田親興,1959年5月17日
池野昌之,1976年5月8日
池辺巌,1944年1月18日
井坂亮平,1984年10月19日
石井昭男,1955年9月26日
石井一久,1973年9月9日
石井茂雄,1939年5月6日
石井琢朗,1970年8月25日
石井浩郎,1964年6月21日
石井宏,1963年10月17日
石井弘寿,1977年9月14日
石井雅博,1960年9月4日
石井豊,1920年2月27日
石井義人,1978年7月12日
石川克彦,1933年9月19日
石川清逸,1926年12月3日
石川賢,1981年6月1日
石川俊介,1985年8月12日
石川進,1932年4月28日
石川政雄,1950年4月19日
石川雅実,1981年3月28日
石川緑,1934年5月10日
石川良照,1936年11月16日
石毛博史,1970年7月13日
石田博三,1939年7月10日
石田雅彦,1967年4月24日
石田光彦,1915年10月25日
石田泰三,1934年6月11日
石堂克利,1980年4月18日
石床幹雄,1947年9月10日
石貫宏臣,1969年6月5日
石橋尚登,1982年4月20日
石橋文雄,1966年8月3日
石原繁三,1914年1月17日
石原碩夫,1940年1月1日
石丸藤吉,1914年7月25日
石嶺和彦,1961年1月10日
伊志嶺翔大,1988年5月12日
伊志嶺忠,1985年6月22日
石本努,1973年2月4日
石本貴昭,1962年12月24日
石渡茂,1948年8月12日
礒恒之,1975年11月29日
磯貝公伸,1970年3月24日
礒部公一,1974年3月12日
板倉正男,1927年1月6日
櫟信平,1925年6月22日
一枝修平,1940年7月24日
市川卓,1986年6月7日
市川友也,1985年5月9日
市川治彦,1935年7月30日
市場孝之,1970年9月8日
一場靖弘,1982年7月5日
市原圭,1973年9月8日
市村則紀,1952年7月16日
一柳忠尚,1932年4月29日
井筒研一,1919年11月28日
井手峻,1944年2月13日
井出竜也,1971年4月19日
井手元健一朗,1973年10月2日
井戸伸年,1976年12月28日
伊藤敦規,1963年5月29日
伊藤栄祐,1972年10月29日
伊藤光四郎,1937年7月28日
伊東昂大,1991年7月25日
伊藤庄七,1918年3月20日
伊藤四郎,1932年11月1日
伊藤隆偉,1963年10月21日
伊藤剛,1976年12月17日
伊藤竜彦,1940年10月19日
伊藤寿文,1959年5月14日
伊藤久敏,1944年6月19日
伊藤秀範,1982年8月22日
伊藤博康,1969年9月13日
伊藤文隆,1954年5月11日
伊藤真,1969年7月25日
伊藤守,1939年5月2日
伊藤泰憲,1952年9月25日
伊藤幸男,1943年2月17日
伊藤芳明,1933年12月30日
糸数敬作,1984年11月7日
伊奈努,1934年10月1日
伊奈龍哉,1988年5月9日
稲垣秀次,1964年6月3日
稲田直人,1979年11月6日
稲葉篤紀,1972年8月3日
稲葉郁三,1928年7月12日
稲葉光雄,1948年10月2日
稲嶺誉,1980年10月21日
井上修,1946年7月20日
井上一樹,1971年7月25日
井上圭一,1951年10月4日
井上紘一,1976年12月16日
井上浩司,1974年4月10日
井上純,1970年6月8日
井上真二,1966年7月12日
井上貴朗,1975年7月16日
井上卓也,1957年4月2日
井上登,1934年5月26日
井上弘昭,1944年5月21日
井上安雄,1931年1月10日
井上祐二,1963年3月2日
井上雄介,1986年9月5日
井上幸信,1950年9月25日
井上善夫,1941年9月27日
井上嘉弘,1926年3月25日
猪久保吾一,1967年12月26日
猪俣隆,1964年6月25日
井場友和,1976年8月27日
井端弘和,1975年5月12日
伊原春樹,1949年1月18日
伊原正樹,1986年11月4日
井辺康二,1959年7月21日
今井譲二,1956年11月1日
今江年晶,1983年8月26日
今岡誠,1974年9月11日
今津光男,1938年7月8日
今中慎二,1971年3月6日
今成亮太,1987年10月6日
今西和男,1946年4月26日
井本直樹,1976年8月12日
伊与田一範,1978年2月25日
伊代野貴照,1980年10月29日
伊良部秀輝,1969年5月5日
入江道生,1951年9月15日
入来智,1967年6月3日
入来祐作,1972年8月13日
入谷正典,1928年10月15日
入野貴大,1988年11月26日
入野久彦,1980年9月20日
伊礼忠彦,1970年8月20日
岩尾孝幸,1941年7月10日
岩切英司,1961年10月8日
岩郷泰博,1943年8月3日
岩崎智史,1979年8月14日
岩崎哲也,1982年10月13日
岩崎良夫,1947年5月9日
岩下修一,1973年6月2日
岩下守道,1931年12月9日
岩瀬仁紀,1974年11月10日
岩田徹,1967年2月12日
岩舘学,1981年4月14日
岩橋慶侍,1991年4月23日
岩村明憲,1979年2月9日
岩本章,1921年1月14日
岩本輝,1992年10月21日
岩本進,1941年1月27日
岩本尭,1930年4月20日
岩本貴裕,1986年4月18日
岩本勉,1971年5月11日
岩本信一,2000年1月20日
岩本好広,1959年7月23日
岩本義行,1912年3月11日
植木一智,1946年7月15日
上田和明,1962年8月3日
上田次朗,1947年7月6日
上田卓三,1948年7月12日
上田武司,1946年3月16日
植田武彦,1927年4月13日
植田隼美,1923年9月20日
植田幸弘,1964年7月27日
上田好剛,1971年10月13日
上田佳範,1973年11月18日
上辻修,1948年7月15日
上野弘文,1981年4月10日
上野裕平,1978年12月25日
上野義秋,1920年12月11日
上原晃,1969年5月16日
上原浩治,1975年4月3日
植松精一,1955年10月10日
鵜飼克雄,1947年10月20日
鵜飼勉,1923年1月15日
浮島徹士,1968年8月11日
浮州重紀,1933年10月20日
鵜久森淳志,1987年2月1日
宇佐美敏晴,1947年8月5日
宇佐美塁大,1994年10月24日
牛島和彦,1961年4月13日
牛田成樹,1981年12月6日
宇田東植,1948年8月23日
宇高伸次,1976年8月24日
打越敏彦,1936年11月30日
内薗直樹,1974年5月14日
内田圭一,1946年7月13日
内田順三,1947年9月10日
内田強,1961年5月27日
内田照文,1949年6月3日
内田大孝,1972年8月28日
内堀保,1917年3月12日
内山和巳,1939年6月27日
内海武彦,1933年1月25日
有働克也,1969年9月24日
畝龍実,1964年6月21日
宇野錦次,1917年5月25日
宇野雅美,1978年5月2日
宇野勝,1958年5月30日
宇野光雄,1917年4月10日
梅田邦三,1947年2月1日
梅本正之,1936年8月10日
浦西美治,1941年1月24日
漆畑勝久,1939年10月12日
漆原進,1916年9月6日
運天ジョン・クレイトン,1992年3月27日
江川卓,1955年5月25日
江川智晃,1986年10月31日
江口行男,1915年4月4日
江坂政明,1967年8月9日
江崎照雄,1934年7月21日
江島巧,1949年11月24日
江尻慎太郎,1977年4月30日
江田孝,1923年3月18日
江田昌司,1945年9月16日
江藤智,1970年4月15日
江藤省三,1942年4月29日
江藤愼一,1937年10月6日
衛藤大輔,1922年10月14日
江藤正,1922年5月9日
江夏豊,1948年5月15日
榎康弘,1972年5月22日
榎本直樹,1948年7月10日
戎信行,1972年4月24日
江本晃一,1966年7月5日
江本孟紀,1947年7月22日
遠田誠治,1964年5月11日
遠藤伸久,1957年11月5日
遠藤政隆,1972年9月20日
遠藤竜志,1976年4月17日
及川美喜男,1959年9月18日
王貞治,1940年5月20日
大井光雄,1935年8月25日
大石友好,1954年1月15日
大石正彦,1936年1月11日
大石昌義,1972年7月18日
大石弥太郎,1943年10月6日
大岡虎雄,1912年3月28日
大河原栄,1953年6月6日
大木貴将,1991年11月22日
大木護,1934年9月15日
大北敏博,1952年2月18日
大久保秀昭,1969年7月3日
大久保博元,1967年2月1日
大久保勝信,1976年9月13日
大久保美智男,1960年7月29日
大熊伸行,1942年3月24日
大倉英貴,1944年7月1日
大沢紀三男,1926年2月16日
大沢清,1916年12月1日
大下剛史,1944年11月29日
大島公一,1967年6月17日
大島崇行,1983年12月20日
大嶋匠,1990年2月14日
大島忠一,1949年8月15日
大島信雄,1921年10月2日
大島裕行,1981年6月15日
大島康徳,1950年10月16日
大須賀允,1980年3月8日
大隅正人,1948年2月17日
太田紘一,1940年12月23日
太田幸司,1952年1月23日
太田貴,1965年11月28日
太田龍生,1964年4月29日
太田敏行,1930年6月22日
太田文高,1936年2月8日
太田正男,1933年8月9日
太田勝,1938年8月1日
大竹憲治,1951年7月31日
大津淳,1932年1月2日
大塚晶文,1972年1月13日
大塚明,1975年4月28日
大塚賢一,1968年8月3日
大塚鶴雄,1939年3月26日
大隣憲司,1984年11月19日
大友進,1974年6月18日
大友工,1925年2月19日
大西崇之,1971年7月2日
大西宏明,1980年4月28日
大沼幸二,1979年7月3日
大野和哉,1971年9月16日
大野久,1960年8月15日
大野雄次,1961年2月2日
大野豊,1955年8月30日
大野倫,1973年4月3日
大羽進,1940年9月19日
大場隆広,1948年6月23日
大場豊千,1977年7月12日
大庭宏,1937年3月31日
大橋勲,1941年3月25日
大畑裕勝,1975年5月13日
大原和男,1948年3月10日
大原徹也,1957年7月24日
大引啓次,1984年6月29日
大町定夫,1953年4月21日
大松尚逸,1982年6月16日
大道典良,1969年10月28日
大嶺翔太,1991年9月17日
大宮清,1939年4月10日
大宮龍男,1954年6月19日
大村巌,1969年5月31日
大村直之,1976年2月13日
大森剛,1967年8月4日
大矢根博臣,1935年7月1日
大山暁史,1988年10月6日
大累進,1990年8月31日
大和田正海,1949年8月31日
岡義朗,1953年11月22日
岡上和典,1979年1月4日
岡崎郁,1961年6月7日
岡崎恒人,1936年3月29日
小笠原孝,1976年11月29日
小笠原道大,1973年10月25日
岡島厚,1961年5月27日
岡島秀樹,1975年12月25日
岡嶋博治,1935年5月5日
岡田彰布,1957年11月25日
岡田源三郎,1896年3月25日
緒方耕一,1968年9月2日
緒方孝市,1968年12月25日
緒方俊明,1922年4月23日
岡田展和,1968年1月21日
岡田幸文,1984年7月6日
岡田福吉,1917年4月25日
尾形佳紀,1978年8月5日
緒方凌介,1990年8月25日
岡野八郎,1916年12月8日
岡野義光,1938年11月28日
岡部憲章,1958年4月11日
岡本晃,1973年5月3日
岡本克道,1973年6月9日
岡本圭右,1956年8月16日
岡本光,1960年8月17日
岡本真或,1974年10月21日
岡本三男,1921年3月15日
岡本洋介,1985年9月27日
小川邦和,1947年2月1日
小川健太郎,1934年1月12日
小川滋夫,1935年9月9日
小川祥志,1970年4月27日
小川清一,1952年7月28日
小川達明,1958年12月27日
小川敏明,1939年4月13日
小川博,1962年4月2日
小川弘文,1945年5月15日
小川将俊,1979年1月18日
小川宗直,1962年5月23日
小川裕介,1979年6月16日
小川善治,1924年6月2日
沖実郎,1927年7月12日
興津立雄,1936年5月19日
荻野一雄,1941年6月21日
沖原佳典,1972年7月27日
荻原隆,1931年4月26日
奥田敏輝,1949年1月2日
奥田直也,1953年6月21日
奥原為雄,1935年10月13日
奥村武博,1979年7月17日
小倉薫,1932年10月30日
小倉恒,1970年8月10日
淡河弘,1940年2月19日
長田克史,1957年6月25日
長田昌浩,1984年6月10日
長内孝,1957年8月30日
小沢浩一,1967年1月14日
小沢重光,1933年10月15日
小沢文夫,1935年12月5日
押本健彦,1982年10月28日
オスカル,1991年3月28日
小瀬浩之,1985年9月2日
小関竜也,1976年7月24日
小田幸平,1977年3月15日
小田智之,1979年5月19日
織田光正,1941年4月30日
小田嶋正邦,1979年4月12日
小田野柏,1917年1月14日
越智大祐,1983年6月30日
落合英二,1969年7月25日
落合博満,1953年12月9日
音重鎮,1963年11月18日
小野和幸,1962年8月19日
小野和義,1965年11月13日
小野剛,1978年5月6日
小野幸一,1972年5月13日
小野公誠,1974年7月11日
小野正一,1933年9月30日
小野晋吾,1975年4月7日
小野仁,1976年8月23日
尾上旭,1959年4月22日
小野寺在二郎,1971年9月27日
小野寺力,1980年11月26日
小畑幸司,1973年7月23日
於保浩己,1975年8月9日
小俣進,1951年8月18日
小美濃武芳,1965年8月24日
小山田保裕,1976年7月27日
織田淳哉,1972年8月8日
貝塚博次,1956年8月9日
貝塚政秀,1974年12月25日
加賀繁,1985年4月13日
垣内哲也,1970年6月6日
柿沢貴裕,1994年7月30日
柿田裕太,1992年8月27日
柿本実,1935年10月5日
覚前昌也,1981年7月9日
加倉一馬,1957年10月19日
加倉井実,1934年6月29日
掛布雅之,1955年5月9日
葛西稔,1967年5月5日
風岡尚幸,1968年1月24日
笠原栄一,1966年6月11日
笠原和夫,1920年6月3日
笠原将生,1991年1月9日
笠原大芽,1995年1月20日
笠原正行,1933年9月7日
笠間雄二,1953年3月22日
鹿島忠,1961年10月7日
柏田貴史,1971年5月14日
柏原純一,1952年6月15日
梶原和隆,1979年7月29日
梶原康司,1978年4月20日
片岡篤史,1969年6月27日
片岡新之介,1947年11月5日
片岡宏雄,1936年6月15日
片岡光宏,1962年3月22日
片貝義明,1951年9月27日
片瀬清利,1964年2月3日
片平哲也,1967年10月3日
片山栄次,1917年1月5日
片山大樹,1975年2月24日
片山博,1923年11月12日
加地健三郎,1940年3月15日
甲藤啓介,1983年11月12日
勝亦治,1952年4月30日
葛城育郎,1977年9月28日
葛城隆雄,1936年12月21日
加藤一昭,1930年11月7日
加藤健,1981年3月23日
加藤康介,1978年7月2日
加藤正二,1914年3月3日
加藤伸一,1965年7月19日
加藤進,1923年9月24日
加藤大輔,1980年7月27日
加藤高康,1969年6月7日
加藤斌,1944年5月21日
加藤武治,1978年3月24日
歌藤達夫,1978年6月15日
加藤竜人,1976年8月11日
加藤哲郎,1964年4月12日
加藤初,1949年12月20日
加藤秀司,1948年5月24日
加藤博一,1951年10月9日
加藤博人,1969年4月29日
門岡信行,1943年9月3日
門倉健,1973年7月29日
門田純良,1951年4月5日
鹿取義隆,1957年3月10日
金井正幸,1952年5月25日
金沢岳,1984年5月5日
金澤健人,1979年1月12日
金森栄治,1957年1月24日
金森隆浩,1972年8月12日
金谷剛,1978年7月30日
金山次郎,1922年7月19日
金山仙吉,1951年10月30日
金石昭人,1960年12月26日
金子一輝,1995年5月29日
金子勝美,1949年5月31日
金子誠一,1964年7月23日
金子裕,1914年9月9日
金子誠,1975年11月8日
金城基泰,1952年10月16日
金田進,1960年6月15日
金田留広,1946年11月17日
金田正一,1933年8月1日
金田政彦,1969年4月30日
金村曉,1976年4月19日
金村義明,1963年8月27日
金本明博,1987年12月5日
金本知憲,1968年4月3日
金本秀夫,1942年5月1日
加納茂徳,1949年5月17日
鏑木悦純,1944年6月3日
鎌田圭司,1979年3月26日
鎌田実,1939年3月8日
鎌田祐哉,1978年11月30日
鎌田豊,1943年8月4日
鎌仲政昭,1969年4月17日
神内靖,1983年8月12日
神垣雅行,1952年4月22日
上川誠二,1960年3月27日
上垣内誠,1944年6月30日
上坂太一郎,1977年4月14日
亀沢恭平,1988年10月15日
亀山努,1969年7月2日
加茂川重治,1966年3月17日
萱島大介,1980年1月6日
茅野健一,1917年2月25日
茅野秀三,1918年11月7日
苅田久徳,1910年1月19日
狩野行寿,1994年7月31日
河井昭司,1949年11月11日
川井貴志,1976年9月16日
川相昌弘,1964年9月27日
河合保彦,1933年10月3日
川内雄富,1948年3月15日
川内八洲男,1945年11月27日
川上憲伸,1975年6月22日
川上哲治,1920年3月23日
川岸強,1979年9月12日
川口和久,1959年7月8日
川口憲史,1976年6月28日
川越英隆,1973年6月8日
川崎啓之介,1934年8月5日
川崎憲次郎,1971年1月8日
川崎徳次,1921年5月7日
川崎宗則,1981年6月3日
川島堅,1969年7月20日
川島亮,1981年9月9日
川尻哲郎,1969年1月5日
河田寿司,1979年12月5日
河田雄祐,1967年12月22日
川田幸夫,1936年6月27日
川藤幸三,1949年7月5日
川藤龍之輔,1947年8月17日
川名慎一,1970年4月10日
川中基嗣,1973年12月19日
河西俊雄,1920年4月25日
河野元貴,1991年6月14日
河野昌人,1978年5月7日
河野亮,1971年5月3日
川畑和人,1948年4月12日
川端順,1960年3月19日
川畑泰博,1966年7月27日
河端龍,1976年11月10日
河原純一,1973年1月22日
川原新治,1962年2月5日
河東真,1939年10月14日
川邉忠義,1968年4月30日
川俣浩明,1972年8月12日
川又米利,1960年8月4日
河村保彦,1940年7月15日
川本浩次,1951年9月26日
川本智徳,1959年5月1日
河本育之,1967年10月21日
神崎安隆,1932年8月24日
神田義英,1979年2月27日
関東孝雄,1951年9月2日
上林繁次郎,1917年1月13日
菊沢竜佑,1988年5月16日
菊地原毅,1975年3月7日
岸敬祐,1987年1月16日
岸川勝也,1965年4月24日
岸川登俊,1970年1月30日
岸田護,1981年5月10日
岸本秀樹,1982年10月18日
木田勇,1954年6月7日
喜田剛,1979年10月25日
喜多隆志,1980年2月6日
木田優夫,1968年9月12日
北角富士雄,1947年5月17日
北川桂太郎,1925年5月14日
北川博敏,1972年5月27日
北川芳男,1932年10月18日
木立章成,1973年10月13日
木谷寿巳,1980年10月15日
北野勝則,1967年10月10日
北原喜久男,1969年10月18日
北別府学,1957年7月12日
北村照文,1957年1月7日
北本重二,1929年12月14日
木次文夫,1937年1月26日
木戸克彦,1961年2月1日
木戸美摸,1937年9月18日
紀藤真琴,1965年5月12日
城所龍磨,1985年9月24日
衣笠祥雄,1947年1月18日
衣川幸夫,1974年7月29日
木下達生,1987年11月28日
木下貞一,1919年3月20日
木下富雄,1951年5月7日
木下智裕,1957年7月31日
木下政文,1919年11月29日
木原義隆,1942年7月12日
木俣達彦,1944年7月7日
木村一喜,1977年10月5日
木村孝平,1921年8月10日
木村拓也,1972年4月15日
木村勉,1921年1月12日
木村昌広,1974年8月16日
木村保久,1924年5月29日
木村龍治,1970年9月1日
木元邦之,1978年10月7日
木本茂美,1954年4月7日
木山英求,1954年12月24日
久喜勲,1926年2月12日
久古健太郎,1986年5月16日
清川栄治,1961年9月21日
清原和博,1967年8月18日
清原初男,1917年11月7日
清原雄一,1969年5月23日
吉良修一,1949年4月23日
切通猛,1944年4月21日
金城龍彦,1976年7月27日
草野大輔,1976年12月4日
久慈照嘉,1969年4月19日
久代義明,1942年8月14日
楠安夫,1920年6月21日
楠橋高幸,1950年11月14日
楠本秀雄,1949年8月8日
工藤一彦,1956年5月20日
工藤公康,1963年5月5日
工藤隆人,1981年3月30日
工藤友也,1975年5月1日
国枝利通,1920年6月23日
国貞泰汎,1944年1月1日
国松彰,1934年9月14日
久保俊巳,1950年6月27日
久保康生,1958年4月8日
久保征弘,1940年4月2日
窪田淳,1978年2月20日
久保田治,1934年12月19日
久保田智,1977年5月16日
久保田智之,1981年1月30日
熊澤秀浩,1966年7月30日
熊野輝光,1957年8月28日
久米勇紀,1985年9月10日
倉義和,1975年7月27日
倉田誠,1946年6月3日
倉野信次,1974年9月15日
倉本慎也,1973年9月10日
倉本信護,1913年6月9日
栗岡英智,1961年1月18日
栗木孝幸,1929年10月3日
栗田聡,1964年8月3日
栗山聡,1974年6月15日
黒江透修,1938年12月12日
黒木純司,1974年6月20日
黒木知宏,1973年12月13日
黒沢俊夫,1914年6月10日
黒田一博,1924年9月13日
黒田健吾,1907年10月28日
黒田哲史,1975年1月11日
黒田真治,1958年1月2日
黒田博樹,1975年2月10日
黒田能弘,1940年6月15日
桑田茂,1960年12月20日
桑田武,1937年1月5日
桑田真澄,1968年4月1日
桑野議,1949年5月5日
源五郎丸洋,1964年1月15日
劔持節雄,1953年5月16日
古池拓一,1971年4月19日
小池秀郎,1969年3月18日
小池正晃,1980年5月15日
小石博孝,1987年4月13日
小泉恒美,1942年7月5日
高信二,1967年4月16日
交告弘利,1946年8月20日
香坂英典,1957年10月19日
香田勲男,1965年5月29日
合田栄蔵,1942年6月3日
河内卓司,1920年4月26日
河野旭輝,1935年1月1日
河埜和正,1951年11月7日
鴻野淳基,1961年7月10日
河野博文,1962年4月28日
高村良嘉,1971年2月10日
神山一義,1966年10月7日
古賀英彦,1939年9月3日
古賀正明,1949年4月11日
小久保裕紀,1971年10月8日
小坂敏彦,1947年9月17日
小坂誠,1973年7月2日
小島圭市,1968年7月1日
小島禎二,1927年4月21日
小島利男,1913年10月12日
小島弘務,1967年10月30日
小嶋正宣,1954年6月10日
五島裕二,1976年4月20日
小玉明利,1935年6月10日
児玉利一,1919年2月19日
児玉泰,1935年7月19日
児玉好弘,1946年2月13日
小鶴誠,1922年12月17日
後藤修,1934年4月1日
後藤和昭,1944年5月28日
後藤孝志,1969年5月14日
後藤武敏,1980年6月5日
後藤利幸,1971年5月4日
後藤祝秀,1960年2月6日
後藤光貴,1974年8月27日
後藤光尊,1978年7月27日
小早川幸二,1970年12月1日
小早川毅彦,1961年11月15日
小林昭則,1967年8月5日
小林章良,1923年9月22日
小林敦司,1972年12月8日
小林至,1968年1月30日
小林幹英,1974年1月29日
小林聡,1977年8月21日
小林茂生,1969年9月26日
小林茂太,1916年3月29日
小林繁,1952年11月14日
小林誠二,1958年1月22日
小林経旺,1926年1月1日
小林利蔵,1936年11月6日
小林宏,1970年11月30日
小林宏之,1978年6月4日
小林雅英,1974年5月24日
小林正人,1980年8月21日
小林正之,1947年2月5日
小原沢重頼,1969年8月9日
小淵泰輔,1935年1月9日
駒居鉄平,1982年5月22日
駒田徳広,1962年9月14日
小松健二,1947年5月24日
小松辰雄,1959年5月10日
小松俊広,1940年1月13日
小松崎善久,1961年6月23日
小松原博喜,1924年5月24日
五味芳夫,1917年11月14日
小宮山悟,1965年9月15日
小宮山慎二,1985年11月26日
小森哲也,1967年9月9日
小谷野栄一,1980年10月10日
小山伸一郎,1978年6月13日
小山正明,1934年7月28日
小山雄輝,1988年12月5日
金博昭,1939年1月7日
金剛弘樹,1979年2月12日
紺田敏正,1980年8月12日
近藤貞雄,1925年10月2日
近藤真市,1968年9月8日
近藤隆正,1941年9月19日
近藤弘基,1993年2月12日
権藤博,1938年12月2日
権藤正利,1934年5月1日
近藤満,1961年1月10日
近藤光郎,1938年3月1日
近藤芳久,1965年9月7日
今野隆裕,1964年7月11日
歳内宏明,1993年7月19日
西園寺昭夫,1937年10月31日
雑賀幸男,1944年4月7日
才所俊郎,1942年4月7日
才田修,1952年7月18日
斎田忠利,1934年4月11日
財津守,1938年5月10日
斉藤和巳,1977年11月30日
斉藤彰吾,1989年5月14日
斎藤隆,1970年2月14日
斉藤宜之,1976年6月10日
斉藤直哉,1967年1月24日
斉藤秀光,1975年4月18日
斉藤浩行,1960年5月10日
斎藤雅樹,1965年2月18日
斎藤勝博,1944年2月17日
斉藤学,1963年8月12日
齊藤悠葵,1987年6月20日
佐伯和司,1952年6月5日
佐伯貴弘,1970年4月18日
三枝規悦,1952年7月21日
五月女豊,1949年4月13日
嵯峨健四郎,1937年8月15日
坂孝一,1968年5月31日
酒井順也,1981年3月4日
酒井大輔,1980年6月19日
酒井忠晴,1970年6月21日
酒井敏明,1934年1月12日
酒井弘樹,1971年9月22日
酒井光次郎,1968年1月31日
酒井泰志,1979年4月25日
栄村忠広,1961年9月10日
坂上惇,1934年10月22日
榊原聡一郎,1962年9月3日
榊原良行,1949年6月13日
坂口真規,1990年9月29日
坂崎一彦,1938年1月5日
坂田遼,1986年10月2日
坂本工宜,1994年8月19日
坂本茂,1921年4月19日
坂本文次郎,1926年3月15日
坂元弥太郎,1982年5月24日
佐川潔,1970年5月19日
佐久間浩一,1967年10月11日
佐久本昌広,1974年7月15日
桜井広大,1983年7月1日
櫻井幸博,1976年5月26日
迫田七郎,1945年2月15日
迫丸金次郎,1951年7月27日
佐々岡真司,1967年8月26日
笹川隆,1979年11月8日
佐々木明義,1971年7月20日
佐々木勲,1937年10月10日
佐々木貴賀,1981年9月15日
佐々木健一,1973年6月7日
佐々木孝次,1945年9月12日
佐々木信也,1933年10月12日
佐々木常助,1915年8月16日
佐々木誠,1965年10月3日
笹本信二,1952年4月18日
笹山洋一,1975年5月7日
桟原将司,1982年8月21日
定岡正二,1956年11月29日
定岡徹久,1960年7月23日
佐竹一雄,1925年1月28日
佐竹健太,1978年10月23日
佐竹学,1974年10月27日
佐藤和史,1962年2月6日
佐藤和宏,1977年9月21日
佐藤公博,1936年7月13日
佐藤玖光,1945年5月2日
佐藤兼伊知,1959年9月13日
佐藤貞治,1973年12月25日
佐藤祥万,1989年8月18日
佐藤世那,1997年6月2日
佐藤武夫,1916年10月21日
佐藤剛,1971年4月23日
佐藤達也,1986年7月26日
佐藤友亮,1978年6月13日
佐藤秀明,1960年5月23日
佐藤秀樹,1970年4月21日
佐藤洋,1962年6月9日
佐藤宏志,1977年8月11日
佐藤裕幸,1971年1月4日
佐藤文男,1953年4月12日
佐藤文男,1963年10月16日
佐藤誠,1975年6月12日
佐藤政夫,1950年12月18日
佐藤正治,1944年7月5日
佐藤賢,1981年12月6日
佐藤充,1978年4月29日
佐藤康幸,1972年5月24日
佐藤幸彦,1968年4月16日
佐藤吉宏,1983年6月20日
里崎智也,1976年5月20日
里見祐輔,1970年3月16日
真田重蔵,1923年5月27日
真田裕貴,1984年2月7日
実松一成,1981年1月18日
佐野心,1967年1月23日
佐野慈紀,1968年4月30日
佐野仙好,1951年8月27日
佐野元国,1958年3月6日
佐野嘉幸,1944年4月1日
サブロー,1976年6月1日
鞘師智也,1980年5月6日
澤井道久,1979年6月25日
澤井良輔,1978年3月9日
澤崎俊和,1974年9月21日
三東洋,1978年10月7日
椎木匠,1971年7月25日
G.G.佐藤,1978年8月9日
塩川達也,1983年3月15日
塩崎真,1973年6月29日
塩谷和彦,1974年5月27日
塩津義雄,1939年11月25日
塩月勝義,1952年8月14日
塩原明,1940年5月30日
塩屋大輔,1976年9月6日
鹿野浩司,1971年4月3日
重松通雄,1916年9月16日
志田宗大,1979年6月16日
品田操士,1973年10月3日
品田寛介,1976年3月15日
篠塚和典,1957年7月16日
篠原慎平,1990年6月13日
篠原貴行,1976年9月7日
芝池博明,1946年6月21日
芝草宇宙,1969年8月18日
柴田勲,1944年2月8日
柴田佳主也,1968年3月16日
柴田猛,1944年8月11日
柴原光三,1936年10月24日
柴原浩,1969年12月29日
柴原洋,1974年5月23日
渋谷通,1951年5月14日
渋谷幸春,1947年4月15日
嶋重宣,1976年6月16日
島孝明,1998年6月26日
島秀之助,1908年6月21日
島井寛仁,1990年6月19日
嶋尾康史,1968年5月6日
島崎毅,1967年3月3日
嶋田章弘,1966年6月27日
島田一輝,1969年9月19日
島田茂,1962年8月20日
縞田拓弥,1987年1月22日
嶋田哲也,1967年5月13日
島田直也,1970年3月17日
嶋田宗彦,1962年2月17日
島田雄二,1935年1月1日
島田幸雄,1936年8月18日
島田芳明,1957年8月2日
島谷金二,1945年1月23日
島貫省一,1957年7月24日
島野育夫,1944年3月30日
島野修,1950年6月2日
島袋洋奨,1992年10月24日
清水章夫,1975年9月9日
清水昭信,1983年10月26日
清水清人,1979年6月24日
清水隆行,1973年10月23日
清水直行,1975年11月24日
清水秀雄,1918年7月8日
清水将海,1975年1月9日
清水雅治,1964年7月7日
清水義之,1963年9月19日
下村栄二,1945年11月13日
下柳剛,1968年5月16日
下山真二,1975年12月1日
順風秀一,1966年2月16日
城友博,1969年4月30日
正垣宏倫,1945年5月25日
庄司智久,1953年5月30日
庄司隼人,1991年6月21日
城島健司,1976年6月8日
正田樹,1981年11月3日
正田耕三,1962年1月2日
庄田隆弘,1979年11月9日
正津英志,1972年11月13日
定詰雅彦,1966年9月24日
城野勝博,1944年8月17日
城之内邦雄,1940年2月3日
條辺剛,1981年6月8日
白井孝幸,1966年5月31日
白井康勝,1969年3月4日
白石勝巳,1918年4月15日
白石静生,1944年5月22日
白坂勝史,1975年7月12日
白滝政孝,1949年1月11日
白武佳久,1960年5月6日
白鳥正樹,1975年5月10日
白根尚貴,1993年4月28日
白幡隆宗,1962年5月27日
城石憲之,1973年4月17日
新里紹也,1972年8月6日
新庄剛志,1972年1月28日
新宅洋志,1943年12月9日
進藤実,1974年12月10日
神野純一,1970年4月14日
末次利光,1942年3月2日
末永正昭,1947年9月7日
末永真史,1981年6月8日
末永吉幸,1948年1月3日
末広五大,1977年6月20日
菅原勝矢,1945年4月4日
杉斉英,1947年5月6日
杉内俊哉,1980年10月30日
杉浦清,1914年7月20日
杉江文二,1923年1月15日
杉下茂,1925年9月17日
杉田勇,1973年5月30日
杉田久雄,1949年3月15日
杉本正,1959年5月3日
杉本正志,1967年1月17日
椙本勝,1931年7月1日
杉山賢人,1968年12月12日
杉山悟,1926年1月1日
杉山茂,1950年4月23日
杉山俊介,1977年6月5日
杉山翔大,1991年2月10日
杉山東洋生,1941年9月30日
杉山直樹,1969年9月3日
杉山直久,1980年12月25日
勝呂壽統,1963年9月23日
鈴衛佑規,1977年9月29日
鈴木貴志,1979年3月1日
鈴木皖武,1941年2月6日
鈴木健,1969年4月16日
鈴木健,1970年1月13日
鈴木弘規,1956年9月11日
鈴木昂平,1991年6月20日
鈴木平,1970年3月10日
鈴木隆,1930年12月10日
鈴木貴久,1963年11月20日
鈴木尚広,1978年4月27日
鈴木孝政,1954年7月3日
鈴木鶴雄,1915年4月1日
鈴木哲,1964年1月22日
鈴木照雄,1946年9月5日
鈴木俊雄,1965年12月18日
鈴木伸良,1959年6月27日
鈴木望,1967年5月2日
鈴木秀雄,1918年10月9日
鈴木博昭,1946年11月10日
鈴木郁洋,1975年5月23日
鈴木実,1929年10月15日
鈴木康友,1959年7月6日
鈴木義広,1983年1月5日
須田幸太,1986年7月31日
須藤豊,1937年4月21日
角盈男,1956年6月26日
住友一哉,1958年2月14日
住吉義則,1964年10月10日
須山成二,1949年1月15日
清俊彦,1945年9月3日
清家政和,1959年10月7日
背尾伊洋,1973年8月15日
関清和,1964年9月26日
関川浩一,1969年4月1日
関口伊織,1971年10月26日
関口清治,1925年10月9日
関根潤三,1927年3月15日
関根裕之,1971年12月9日
関本賢太郎,1978年8月26日
関本四十四,1949年5月1日
関谷亮太,1991年5月10日
摂津正,1982年6月1日
瀬戸和則,1950年8月17日
瀬戸輝信,1969年3月25日
芹澤裕二,1968年4月12日
千田啓介,1943年6月28日
宗宮房之助,1982年5月19日
曽我部直樹,1972年3月20日
十川孝富,1977年5月29日
十川雄二,1983年7月1日
曽田康二,1957年11月10日
外木場義郎,1945年6月1日
園川一美,1963年5月1日
苑田敏彦,1945年2月23日
園部聡,1995年11月10日
ダース・ローマシュ匡,1988年12月15日
ダイ,1975年10月6日
大河,1998年4月5日
代田建紀,1974年2月11日
大塔正明,1973年4月5日
大門和彦,1965年5月31日
田尾安志,1954年1月8日
高井一,1969年10月2日
高市俊,1984年7月9日
高井良一男,1940年4月26日
高岡英司,1939年3月10日
高岡重樹,1943年7月3日
高木一巳,1941年1月9日
高木晃次,1968年5月10日
高木真一,1953年8月16日
高木時夫,1937年4月21日
高木宣宏,1963年5月20日
高木勇人,1989年7月13日
高木浩之,1972年10月14日
高木守道,1941年7月17日
高木康成,1982年3月30日
高口隆行,1983年8月23日
高久保豊三,1938年9月30日
高倉照幸,1934年12月8日
高沢秀昭,1958年9月10日
高島覚,1965年1月7日
高嶋徹,1970年4月18日
高代延博,1954年5月27日
高須洋介,1976年2月9日
高田繁,1945年7月24日
高田誠,1964年6月9日
高津臣吾,1968年11月25日
高塚信幸,1979年8月2日
高月敏文,1952年11月2日
高波文一,1975年11月3日
高野价司,1935年1月1日
高野忍,1974年12月10日
高野裕良,1924年2月24日
鷹野史寿,1973年8月10日
高橋顕法,1975年1月24日
高橋聡文,1983年5月29日
高橋明,1942年5月29日
高橋栄一郎,1936年6月4日
高橋英二,1949年10月29日
高橋薫,1976年6月24日
高橋一三,1946年6月9日
高橋和幸,1977年4月27日
高橋建,1969年4月16日
高橋洸,1993年4月30日
高橋幸二,1970年2月26日
高橋里志,1948年5月17日
高橋信二,1978年8月7日
高橋輝彦,1914年4月29日
高橋俊春,1955年4月4日
高橋憲幸,1971年2月25日
高橋尚成,1975年4月2日
高橋秀聡,1982年8月26日
高橋英樹,1972年10月4日
高橋真輝,1932年2月24日
高橋雅裕,1964年7月10日
高橋三千丈,1956年11月10日
高橋光信,1975年7月7日
高橋由伸,1975年4月3日
高橋慶彦,1957年3月13日
高橋善正,1944年5月5日
高林恒夫,1938年1月12日
峰秀,1977年7月16日
高見昌宏,1968年7月11日
高村祐,1969年9月2日
高村洋介,1965年9月18日
高元勝彦,1958年5月4日
高柳出己,1964年6月2日
高山郁夫,1962年9月8日
高山健一,1971年8月4日
高山忠克,1944年5月18日
高山智行,1978年5月3日
高良一輝,1994年6月25日
多岐篤司,1968年5月25日
瀧安治,1941年2月11日
滝良彦,1929年6月30日
滝川博己,1942年1月1日
滝口光則,1961年11月2日
滝田政治,1926年10月26日
田口壮,1969年7月2日
田口昌徳,1970年8月26日
内匠政博,1968年2月24日
武内晋一,1983年12月10日
竹内洋,1946年10月28日
竹内昌也,1971年5月25日
竹岡和宏,1975年1月25日
竹清剛治,1974年11月22日
竹下慎太郎,1971年7月10日
竹下光郎,1938年6月9日
武末悉昌,1922年10月4日
武田一浩,1965年6月22日
武田久,1978年10月14日
竹田和史,1950年7月4日
武田勝,1978年7月10日
竹野吉郎,1943年6月18日
竹之内雅史,1945年3月15日
武宮敏明,1921年11月25日
竹村一義,1949年12月19日
武山真吾,1984年6月22日
田島俊雄,1965年10月1日
田尻茂敏,1948年5月30日
多田勉,1943年10月9日
多田昌弘,1974年10月22日
多田文久三,1921年7月8日
多田野数人,1980年4月25日
立川隆史,1975年10月7日
立花義家,1958年10月27日
達川光男,1955年7月13日
立浪和義,1969年8月19日
伊達昌司,1975年8月23日
立石尚行,1970年5月14日
館山昌平,1981年3月17日
建山義紀,1975年12月26日
田名網英二,1924年7月30日
田中章,1944年7月20日
田中和博,1959年9月15日
田中久寿男,1935年4月24日
田中賢介,1981年5月20日
田中健太郎,1979年6月7日
田中聡,1977年8月27日
田中秀太,1977年2月23日
田中大輝,1992年8月17日
田中大二郎,1988年4月29日
田中大輔,1984年12月18日
田中尊,1936年4月11日
田中充,1975年6月3日
田中勉,1939年10月10日
田中照雄,1933年4月16日
田中資昭,1921年1月16日
田中富生,1960年4月12日
田中宏和,1976年7月18日
田中敬人,1979年8月26日
田中浩康,1982年5月24日
田中雅彦,1982年1月9日
田中昌宏,1954年9月28日
田中将大,1988年11月1日
田中瑞季,1980年9月21日
田中幸雄,1959年2月27日
田中幸雄,1967年12月14日
田中由基,1975年6月17日
田辺修,1944年4月23日
田辺繁文,1959年8月30日
田辺徳雄,1966年5月11日
谷哲也,1985年7月9日
谷浩弥,1977年7月1日
谷佳知,1973年2月9日
谷川勉,1939年3月26日
谷木恭平,1945年11月12日
谷口悦司,1979年6月8日
谷口功一,1973年5月4日
谷繁元信,1970年12月21日
谷下和人,1968年1月5日
谷中真二,1973年5月15日
谷村智啓,1947年8月3日
谷本稔,1937年2月1日
谷山高明,1950年10月8日
種田仁,1971年7月18日
種部儀康,1938年1月21日
田之上慶三郎,1971年9月17日
田上秀則,1980年3月20日
田野倉利男,1954年4月3日
田畑一也,1969年2月27日
田原晃司,1975年2月26日
田原藤太郎,1936年3月30日
田原基稔,1929年1月1日
田淵幸一,1946年9月24日
田部輝男,1916年12月19日
玉井信博,1949年9月7日
玉木朋孝,1975年6月13日
玉腰忠義,1920年3月15日
玉野宏昌,1978年6月1日
玉峰伸典,1975年12月8日
玉村祐典,1995年11月4日
田村勲,1957年3月22日
田村恵,1976年5月22日
田村丈,1992年11月20日
田村勤,1965年8月18日
多村仁志,1977年3月28日
田村藤夫,1959年10月24日
田村満,1934年8月28日
ダルビッシュ有,1986年8月16日
樽見金典,1968年7月20日
丹波健二,1965年5月20日
近田豊年,1965年12月11日
千葉茂,1919年5月10日
千葉剛,1948年4月25日
千原雅生,1926年1月1日
千原陽三郎,1942年3月30日
銚子利夫,1961年8月24日
千代丸亮彦,1970年12月25日
塚田正義,1989年7月23日
塚原頌平,1992年7月8日
塚本博睦,1918年10月14日
塚本善之,1969年11月14日
月山栄珠,1964年2月19日
辻空,1994年4月24日
辻武史,1979年6月12日
辻哲也,1949年1月19日
辻俊哉,1979年7月14日
辻東倫,1994年8月11日
辻恭彦,1942年6月18日
辻佳紀,1940年12月20日
辻田摂,1977年6月20日
辻本弘樹,1969年10月21日
津末英明,1958年10月16日
津田恒実,1960年8月1日
槌田誠,1943年6月12日
土田瑞起,1990年1月1日
土屋亨,1923年10月6日
土屋紘,1944年7月10日
土屋正勝,1956年11月6日
土屋正孝,1935年10月6日
筒井敬三,1925年6月24日
筒井壮,1974年11月1日
筒井正也,1976年4月11日
綱島新八,1919年9月2日
津野浩,1965年8月6日
坪井新三郎,1946年2月27日
坪井智哉,1974年2月19日
坪内道典,1914年4月7日
鶴直人,1987年4月25日
鶴岡一成,1977年5月30日
鶴田圭祐,1994年5月12日
鶴田泰,1970年7月23日
鶴見信彦,1966年7月19日
弦本悠希,1989年6月16日
出口雄大,1971年9月23日
手沢庄司,1932年4月2日
手塚明治,1921年10月10日
寺内一隆,1912年9月3日
寺内崇幸,1983年5月27日
寺岡孝,1942年9月13日
寺田光輝,1992年1月5日
寺田陽介,1934年11月19日
寺田吉孝,1953年2月4日
寺西秀人,1964年12月11日
寺原隼人,1983年10月9日
寺前正雄,1972年5月2日
寺村友和,1974年4月22日
寺本四郎,1980年7月25日
寺本哲治,1929年9月18日
土居章助,1937年9月3日
土井正三,1942年6月28日
土居正史,1956年6月20日
土井豊,1937年11月1日
土肥義弘,1976年9月1日
問矢福雄,1950年9月3日
遠井吾郎,1939年12月4日
遠山奬志,1967年7月21日
渡海昇二,1938年5月3日
戸梶正夫,1939年4月17日
戸叶尚,1975年2月4日
栂野雅史,1984年10月19日
徳武定之,1938年6月9日
徳永喜久夫,1931年9月1日
徳元敏,1976年9月20日
徳本政敬,1973年6月22日
戸田善紀,1945年7月27日
戸田亮,1988年9月4日
十時啓視,1936年4月25日
堂上剛裕,1985年5月27日
堂上照,1951年6月9日
土橋勝征,1968年12月5日
戸部浩,1974年7月15日
笘篠賢治,1966年10月11日
苫米地鉄人,1981年9月22日
渡真利克則,1962年8月23日
富恵一,1941年11月6日
富岡久貴,1973年5月8日
富田勝,1946年10月11日
富松信彦,1917年7月12日
戸村健次,1987年10月20日
友川賢次,1935年12月9日
友永翔太,1991年4月1日
友利結,1967年9月21日
外山博,1948年9月1日
豊田清,1971年2月2日
豊田誠佑,1956年4月23日
豊田拓矢,1987年3月28日
豊永隆盛,1947年8月1日
豊原哲也,1974年6月3日
鳥越裕介,1971年7月1日
鳥谷敬,1981年6月26日
鳥谷元,1947年6月11日
鳥谷部健一,1979年11月4日
内藤幸三,1916年3月25日
内藤尚行,1968年7月24日
内藤博文,1931年1月20日
内藤雄太,1983年11月29日
中利夫,1936年4月28日
中井悦雄,1943年6月24日
永射保,1953年10月3日
永井智浩,1975年8月11日
中井康之,1954年8月7日
永井洋二郎,1923年11月30日
長井良太,1999年1月15日
永池恭男,1973年10月5日
中後悠平,1989年9月17日
中尾明生,1952年11月7日
中尾孝義,1956年2月16日
中尾碩志,1919年12月1日
永尾泰憲,1950年5月2日
永川勝浩,1980年12月14日
中川申也,1973年6月30日
中川大志,1990年6月8日
中川隆治,1972年10月12日
永川満寿,1973年4月22日
中込伸,1970年2月16日
長坂健冶,1977年10月29日
長崎慶一,1950年5月13日
長崎伸一,1980年2月5日
中里篤史,1982年9月12日
中里鉄也,1975年5月23日
仲澤忠厚,1982年9月1日
長嶋一茂,1966年1月26日
長島甲子男,1924年6月14日
長嶋清幸,1961年11月12日
中嶋聡,1969年3月27日
長嶋茂雄,1936年2月20日
中島輝士,1962年7月27日
中島俊哉,1980年6月10日
中嶋治彦,1965年11月30日
中島治康,1909年6月28日
中島浩人,1960年4月11日
中島執,1930年10月20日
長島吉邦,1948年10月21日
中条善伸,1962年4月12日
仲田幸司,1964年6月16日
中田祥多,1990年2月22日
永田利則,1961年10月9日
中田宗男,1957年1月8日
中田良弘,1959年4月8日
中田亮二,1987年11月3日
中谷仁,1979年5月5日
中谷忠己,1965年9月1日
中司得三,1953年5月18日
永利勇吉,1920年12月9日
長冨浩志,1961年6月10日
中西清起,1962年4月26日
中西健太,1986年4月10日
仲根正広,1954年9月24日
中野栄一,1974年10月16日
中野佐資,1963年1月7日
中野隆夫,1932年6月2日
永野吉成,1968年7月21日
中ノ瀬幸泰,1972年10月8日
中畑清,1954年1月6日
中濱裕之,1978年4月10日
中原勇,1950年9月12日
中原勇一,1959年2月2日
長峰昌司,1984年8月8日
中村和臣,1935年9月16日
中村勝広,1949年6月6日
中村浩一,1979年11月25日
中村之保,1944年9月11日
中村信一,1913年2月22日
中村武志,1967年3月17日
中村輝夫,1910年1月20日
中村典夫,1956年4月4日
中村紀洋,1973年7月24日
中村隼人,1975年8月22日
中村弘道,1961年11月1日
中村真人,1982年2月2日
中村勝,1991年12月11日
中村光良,1944年7月31日
中村稔,1938年9月28日
中村泰広,1978年9月19日
中村豊,1973年4月23日
中村善之,1974年12月1日
中村良二,1968年6月19日
中村渉,1979年8月19日
永本裕章,1952年11月5日
中山孝一,1948年8月12日
中山正嘉,1917年7月3日
中山俊丈,1935年12月10日
中山俊之,1951年6月25日
中山裕章,1967年11月4日
中山雅行,1969年9月3日
那須野巧,1982年10月4日
七森由康,1944年4月26日
鍋屋道夫,1961年6月26日
並木輝男,1938年11月15日
奈良将史,1977年5月17日
奈良原浩,1968年5月16日
成重春生,1948年4月20日
成本年秀,1968年9月11日
成瀬善久,1985年10月13日
難波昭二郎,1935年2月19日
新沼慎二,1979年6月22日
新美敏,1952年8月2日
新浦壽夫,1951年5月11日
二岡智宏,1976年4月29日
西清孝,1966年4月8日
仁志敏久,1971年10月4日
西井哲夫,1951年7月7日
西浦克拓,1974年11月12日
西尾慈高,1934年2月27日
西岡三四郎,1949年4月27日
西岡洋,1969年9月27日
西岡良洋,1961年6月28日
西川克弘,1944年5月19日
西川慎一,1967年2月26日
西川佳明,1963年7月14日
西口文也,1972年9月26日
西倉実,1929年1月20日
西里幸喜,1968年4月21日
西沢正次,1947年5月19日
西沢道夫,1921年9月1日
西嶋賢司,1970年12月14日
西田真二,1960年8月3日
西田暢,1944年11月2日
西田直斗,1993年4月26日
西野忠臣,1941年3月10日
西宮悠介,1991年5月1日
西村公一,1948年4月10日
西村健太朗,1985年5月10日
西村徳文,1960年1月9日
西村英嗣,1968年7月16日
西本明和,1948年10月11日
西本和美,1958年8月19日
西本聖,1956年6月27日
西本道則,1937年7月16日
西森将司,1987年12月29日
西山一宇,1970年8月28日
西山和良,1933年8月22日
西山秀二,1967年7月7日
西山敏明,1947年5月22日
西山道隆,1980年1月9日
二宮至,1953年11月15日
二宮正己,1966年10月6日
仁部智,1980年1月10日
仁平馨,1971年6月18日
仁村薫,1959年5月9日
仁村徹,1961年12月26日
沼田拓巳,1994年3月4日
根市寛貴,1982年10月21日
根元俊一,1983年7月8日
根本隆輝,1973年6月6日
濃人渉,1915年3月22日
野上俊夫,1949年8月3日
野川拓斗,1991年9月6日
野口明,1917年8月6日
野口茂樹,1974年5月13日
野口二郎,1920年1月6日
野口寿浩,1971年6月24日
野口正明,1925年3月7日
野口元三,1941年10月6日
野田浩司,1968年2月9日
野田浩輔,1977年12月4日
野田征稔,1941年12月5日
野中信吾,1983年9月24日
野中徹博,1965年5月22日
野々垣武志,1971年7月8日
野林大樹,1969年9月9日
野原将志,1988年4月4日
野原祐也,1985年1月7日
信原拓人,1976年9月10日
野村収,1946年8月9日
野村克則,1973年7月23日
野村謙二郎,1966年9月19日
野村貴仁,1969年1月10日
野村高義,1918年10月7日
野村武史,1919年4月5日
野村亮介,1993年7月9日
野本喜一郎,1922年5月8日
野本圭,1984年7月7日
乗替寿好,1950年11月15日
萩原昭,1927年1月5日
萩原淳,1973年8月20日
萩原誠,1973年4月6日
萩原康弘,1947年11月17日
橋上秀樹,1965年11月4日
橋本到,1990年4月28日
橋本勝隆,1944年5月5日
橋本清,1969年5月22日
橋本啓,1979年9月5日
橋本敬司,1958年6月20日
橋本健太郎,1980年4月28日
橋本大祐,1975年7月16日
橋本武広,1964年9月18日
橋本将,1976年5月1日
橋本義隆,1979年12月6日
長谷川繁雄,1932年10月2日
長谷川善三,1923年1月6日
長谷川勉,1950年9月8日
長谷川昌幸,1977年7月16日
長谷部裕,1968年4月14日
秦真司,1962年7月29日
畑隆幸,1937年12月24日
畠山和洋,1982年9月13日
畑福俊英,1913年1月31日
畑山俊二,1964年6月11日
初芝清,1967年2月26日
八田正,1936年10月5日
服部浩一,1959年7月9日
服部武夫,1932年11月28日
服部受弘,1920年1月23日
服部裕昭,1967年7月30日
服部文夫,1969年8月6日
花島寛己,1973年6月16日
花田真人,1977年10月25日
羽根川竜,1973年6月5日
馬場正平,1938年1月23日
土生翔平,1989年8月16日
浜岡浩幸,1961年9月8日
浜崎忠治,1915年9月28日
浜崎正人,1944年10月9日
浜崎勝,1931年10月8日
浜田一夫,1963年6月20日
浜田知明,1960年9月14日
浜名千広,1969年11月11日
濱中治,1978年7月9日
浜中祥和,1938年1月14日
浜村健史,1947年4月26日
早川和夫,1960年5月17日
早川健一郎,1973年11月7日
早川大輔,1975年6月3日
早川実,1949年4月3日
林清光,1915年10月31日
林純次,1973年2月21日
林孝哉,1973年6月1日
林千代作,1947年5月4日
林直明,1924年5月22日
林博康,1971年6月15日
林昌樹,1979年11月28日
林昌範,1983年9月19日
早瀬方禧,1940年4月11日
原俊介,1977年8月30日
原伸次,1962年11月3日
原辰徳,1958年7月22日
原秀樹,1949年4月5日
原正俊,1971年6月29日
原井和也,1968年6月17日
原田明広,1966年7月25日
原田健二,1976年6月2日
原田督三,1919年8月28日
原田治明,1947年7月28日
原田政彦,1971年2月26日
羽里功,1944年7月26日
張本勲,1940年6月19日
張本優大,1990年10月13日
波留敏夫,1970年5月25日
伴義太郎,1972年7月2日
板東英二,1940年4月5日
比嘉寿光,1981年4月19日
樋笠一夫,1920年3月20日
日笠雅人,1970年8月19日
東田正義,1945年8月1日
東山親雄,1943年5月15日
引地信之,1930年11月3日
引間克幸,1958年2月21日
樋口一紀,1967年9月9日
樋口龍美,1976年5月12日
彦野利勝,1964年10月12日
久野剛司,1943年5月21日
久本祐一,1979年3月14日
肘井竜蔵,1995年11月13日
菱川章,1947年1月2日
聖沢諒,1985年11月3日
肥田高志,1979年6月27日
日高剛,1977年8月15日
英智,1976年5月9日
日野茂,1945年1月11日
日野美澄,1934年9月21日
日比野武,1920年4月22日
比屋根渉,1987年6月20日
桧山進次郎,1969年7月1日
兵頭冽,1934年8月9日
兵動秀治,1979年8月10日
平井三郎,1923年9月4日
平井正史,1975年4月21日
平井光親,1966年11月8日
平石洋介,1980年4月23日
平尾博嗣,1975年12月31日
平岡一郎,1945年8月14日
平岡政樹,1985年7月1日
平下晃司,1978年2月1日
平田薫,1954年2月9日
平田勝男,1959年7月31日
平田恒男,1955年11月9日
平田英之,1954年7月10日
平田洋,1975年11月25日
平塚克洋,1966年1月29日
平沼定晴,1965年3月27日
平野恵一,1979年4月7日
平野謙,1955年6月20日
平野謙二,1927年9月16日
平松一宏,1974年3月23日
平本学,1979年1月8日
平山菊二,1918年9月23日
平山英雄,1949年1月1日
広池浩司,1973年8月29日
広岡達朗,1932年2月9日
広澤克実,1962年4月10日
広沢好輝,1971年5月25日
広島清美,1923年6月20日
広島衛,1937年11月1日
広瀬明彦,1959年5月25日
広瀬宰,1947年2月20日
廣瀬純,1979年3月29日
広田修三,1914年8月28日
弘田澄男,1949年5月13日
廣田浩章,1964年2月26日
広野功,1943年10月16日
広橋公寿,1957年1月11日
深沢和帆,1983年9月16日
深沢修一,1948年6月17日
深沢恵雄,1955年5月30日
深田拓也,1983年4月23日
深町亮介,1984年10月25日
深見安博,1919年11月26日
福井敬治,1976年5月12日
福井保夫,1952年11月12日
福浦和也,1975年12月14日
福浦健次,1942年9月13日
福王昭仁,1964年1月10日
福川将和,1976年12月29日
福倉健太郎,1991年8月3日
福澤洋一,1967年5月26日
福士敬章,1950年12月27日
福島知春,1954年3月7日
福嶋久晃,1947年4月10日
福田聡志,1983年9月12日
福田岳洋,1983年4月9日
福田昌久,1934年7月31日
福地寿樹,1975年12月17日
福地元春,1990年6月21日
福塚勝哉,1939年1月5日
福留宏紀,1975年5月21日
福原忍,1976年12月28日
福間納,1951年7月13日
福盛和男,1976年8月4日
福家雅明,1959年4月10日
福良徹,1978年10月17日
藤井彰人,1976年6月18日
藤井勇,1916年10月20日
藤井栄治,1940年2月1日
藤井秀悟,1977年5月12日
藤井優志,1974年1月14日
藤尾茂,1934年10月8日
藤王康晴,1965年4月13日
藤岡寛生,1966年10月18日
藤倉多祐,1957年8月31日
藤崎紘範,1980年5月21日
藤崎靖彦,1968年7月11日
藤沢公也,1951年11月29日
藤沢亨明,1989年11月11日
藤沢哲也,1953年8月3日
藤島誠剛,1969年10月3日
藤城和明,1956年4月5日
藤田宗一,1972年10月17日
藤田太陽,1979年11月1日
藤田平,1947年10月19日
藤田訓弘,1947年2月26日
藤田浩雅,1961年10月3日
藤田元司,1931年8月7日
藤立次郎,1971年6月22日
藤波行雄,1951年4月26日
藤野光久,1925年2月20日
藤本敦士,1977年10月4日
藤本和宏,1947年11月28日
藤本勝巳,1937年8月8日
藤本健治,1966年6月12日
藤本茂喜,1964年10月7日
藤本修二,1964年7月22日
藤本正一,1938年4月11日
藤本伸,1938年3月31日
藤本英雄,1918年5月10日
藤原虹気,1986年6月6日
藤原鉄之助,1924年10月7日
藤原通,1979年6月18日
藤原仁,1956年3月2日
藤原良平,1986年2月15日
渕脇芳行,1974年5月23日
舩木聖士,1973年8月26日
船越涼太,1993年11月26日
船田和英,1942年5月5日
古川啓三,1934年4月25日
古川慎一,1963年7月26日
古川清蔵,1922年3月4日
古川利行,1963年9月24日
古河有一,1970年6月17日
古木克明,1980年11月10日
古城茂幸,1976年1月12日
古久保健二,1964年6月23日
古里泰隆,1971年4月9日
古沢憲司,1948年3月31日
古田敦也,1965年8月6日
古谷盛人,1962年10月26日
古野正人,1986年9月27日
古溝克之,1963年11月14日
古谷倉之助,1911年5月4日
古屋英夫,1955年8月1日
屏道夫,1943年4月5日
部坂俊之,1974年7月15日
別所毅彦,1922年10月1日
帆足和幸,1979年7月15日
法元英明,1935年3月3日
蓬莱昭彦,1957年4月24日
保坂幸永,1931年8月13日
星孝典,1982年5月4日
星秀和,1986年11月10日
星田次郎,1919年9月22日
星野おさむ,1970年5月4日
星野順治,1974年6月18日
星野仙一,1947年1月22日
星野智樹,1977年7月29日
星野伸之,1966年1月31日
星野秀孝,1949年11月26日
星野真澄,1984年4月4日
干場崇永,1972年1月12日
星山晋徳,1938年7月7日
星山忠弘,1974年6月12日
細見和史,1973年4月2日
堀田明,1941年1月1日
堀幸一,1969年4月2日
堀内庄,1935年10月5日
堀内恒夫,1948年1月16日
堀江賢治,1970年8月8日
堀込基明,1939年10月31日
堀田一郎,1974年4月18日
堀場英孝,1955年6月26日
堀本律雄,1935年1月20日
本田明浩,1967年8月18日
本田威志,1937年8月20日
本多雄一,1984年11月19日
本堂保次,1918年3月18日
本間勝,1939年5月1日
本間満,1972年8月25日
マイケル中村,1976年9月6日
前岡勤也,1937年8月13日
前川勝彦,1978年9月25日
前川忠男,1929年1月28日
前田章宏,1983年6月19日
前田勝宏,1971年6月23日
前田耕司,1964年10月27日
前田三郎,1952年5月30日
前田新悟,1980年3月27日
前田大輔,1979年9月14日
前田隆,1967年11月25日
前田忠節,1977年10月4日
前田智徳,1971年6月14日
前田浩継,1976年1月3日
前田益穂,1939年5月24日
前田幸長,1970年8月26日
前原博之,1967年5月16日
前間卓,1971年9月30日
牧勝彦,1943年1月3日
真木将樹,1976年2月13日
牧田勝吾,1974年4月13日
牧谷宇佐美,1980年5月1日
牧野茂,1928年7月26日
牧野塁,1974年7月17日
槙原寛己,1963年8月11日
幕田賢治,1978年5月5日
正岡真二,1949年8月15日
桝重正,1931年10月13日
益田昭雄,1938年1月15日
益田明典,1965年9月23日
枡田慎太郎,1987年7月8日
益田大介,1973年9月27日
益田尚哉,1964年3月14日
増田浩,1935年4月25日
益山性旭,1954年8月26日
町田公二郎,1969年12月11日
町田公雄,1951年3月5日
町田行彦,1934年3月8日
松修康,1976年7月23日
松井稼頭央,1975年10月23日
松井光介,1978年8月24日
松井隆昌,1966年8月20日
松井達徳,1965年6月25日
松井秀喜,1974年6月12日
松浦正,1956年7月27日
松浦英信,1961年2月15日
松尾幸造,1918年6月20日
松尾輝義,1951年4月23日
松尾英治,1964年11月1日
松岡健一,1982年6月7日
松岡正樹,1973年1月24日
松家卓弘,1982年7月29日
眞下貴之,1991年4月19日
マック鈴木,1975年5月31日
松坂健太,1985年8月16日
松崎伸吾,1983年9月17日
松下立美,1957年3月6日
松田和久,1966年7月16日
松田清,1930年12月11日
松田匡司,1974年11月16日
松谷竜二郎,1964年7月10日
松中信彦,1973年12月26日
松永浩美,1960年9月27日
松永幸男,1965年7月15日
松永美隆,1954年5月16日
松林和雄,1962年6月28日
松林茂,1947年8月13日
松原誠,1944年1月13日
松原靖,1964年11月16日
松村正晴,1941年10月1日
松本輝,1977年8月30日
松本和雄,1923年8月18日
松本啓二朗,1986年6月24日
松本和弘,1970年10月25日
松本忍,1947年6月17日
松本隆,1970年2月19日
松本匡史,1954年8月8日
松本奉文,1977年5月1日
松本尚樹,1970年9月11日
松本操,1914年12月16日
松本幸行,1947年6月5日
松本利一,1921年6月22日
松本竜也,1993年4月29日
的場寛一,1977年6月17日
的場直樹,1977年5月9日
的山哲也,1970年10月1日
真中満,1971年1月6日
真鍋勝己,1968年7月25日
真鍋幹三,1945年11月23日
真弓明信,1953年7月12日
丸尾英司,1972年4月26日
丸毛謙一,1988年8月2日
丸山泰嗣,1979年5月24日
丸山二三雄,1925年5月23日
三浦大輔,1973年12月25日
三浦貴,1978年5月21日
三浦将明,1965年9月17日
三浦方義,1933年8月23日
三木肇,1977年4月25日
三木仁,1979年9月13日
右田雅彦,1965年6月18日
御子柴進,1964年6月29日
三澤興一,1974年6月8日
三沢淳,1952年10月1日
水尾嘉孝,1968年5月2日
水上善雄,1957年8月9日
水口栄二,1969年1月9日
水沢薫,1965年2月18日
水沢英樹,1969年5月9日
水田章雄,1973年7月11日
水田圭介,1980年11月4日
水谷茂雄,1960年7月21日
水谷実雄,1947年11月19日
水谷孝,1948年4月28日
水谷則一,1910年9月1日
水谷則博,1950年4月27日
水谷寿伸,1941年1月3日
水谷啓昭,1953年7月22日
水沼四郎,1947年2月27日
水野雄仁,1965年9月3日
水野滉也,1994年6月1日
水野良一,1917年12月23日
水原茂,1909年1月19日
水本勝己,1968年10月1日
水本啓史,1964年1月15日
三瀬幸司,1976年3月11日
三瀬雅康,1929年4月23日
道原裕幸,1949年5月30日
三井浩二,1973年9月15日
光原逸裕,1980年10月11日
光山英和,1965年11月20日
三富恒雄,1920年8月14日
皆川康夫,1947年11月3日
南温平,1930年1月6日
南和彰,1981年8月27日
南真一郎,1973年4月11日
南秀憲,1960年11月25日
南竜介,1981年7月9日
南川忠亮,1992年1月13日
南渕時高,1965年10月29日
南村侑広,1917年4月17日
南牟礼豊蔵,1960年12月9日
峯本達雄,1953年6月12日
三野勝大,1971年7月6日
簑田浩二,1952年3月11日
御船英之,1966年10月18日
美間優槻,1994年5月26日
三村勲,1924年3月8日
三村敏之,1948年9月19日
宮内仁一,1967年6月19日
宮川将,1990年10月19日
宮川孝雄,1936年1月31日
三宅秀史,1934年4月5日
三宅博,1941年6月4日
都裕次郎,1959年2月25日
宮越徹,1978年4月7日
宮崎敦次,1992年12月8日
宮崎一彰,1975年4月24日
宮崎一夫,1932年12月10日
宮崎仁郎,1920年2月8日
宮崎剛,1918年12月17日
宮崎充登,1978年9月6日
宮崎祐樹,1986年11月29日
宮地克彦,1971年8月28日
宮下信明,1924年8月25日
宮下昌己,1965年1月4日
宮田典計,1954年9月27日
宮田征典,1939年11月4日
宮出隆自,1977年8月18日
宮寺勝利,1940年11月4日
宮本和知,1964年2月13日
宮本四郎,1952年5月28日
宮本慎也,1970年11月5日
宮本大輔,1981年10月2日
宮本幸信,1945年6月3日
宮本洋二郎,1942年4月3日
宮脇敏,1952年6月13日
宮脇則昭,1969年4月29日
三好真一,1950年6月2日
三好幸雄,1945年9月24日
三輪敬司,1976年7月26日
三輪悟,1945年9月18日
三輪正義,1984年1月23日
麦倉洋一,1971年7月29日
武藤潤一郎,1969年3月15日
武藤孝司,1973年6月6日
棟居進,1932年11月2日
村上誠一,1970年5月31日
村上隆行,1965年8月26日
村上雅則,1944年5月6日
村上義則,1950年6月15日
村瀬広基,1941年7月16日
村田勝喜,1969年9月18日
村田修一,1980年12月28日
村田真一,1963年12月5日
村田善則,1974年4月24日
村中恭兵,1987年10月25日
村松有人,1972年12月12日
村松長太郎,1921年5月9日
村山実,1936年12月10日
室山皓之助,1939年11月16日
目時春雄,1925年1月12日
面出哲志,1975年6月13日
望月卓也,1956年5月8日
望月一,1968年4月26日
望月充,1948年10月6日
元木大介,1971年12月30日
本西厚博,1962年5月15日
本原正治,1967年4月23日
本村信吾,1963年8月3日
本屋敷錦吾,1935年10月31日
本柳和也,1976年11月5日
森廣二,1969年3月8日
森厚三,1959年3月19日
森弘太郎,1915年5月29日
森章剛,1979年5月22日
森徹,1935年11月3日
森雅功,1922年9月9日
森昌彦,1937年1月9日
守岡茂樹,1953年3月5日
森岡裕之,1974年5月23日
森笠繁,1976年10月4日
森口哲夫,1935年5月3日
森口益光,1953年7月20日
森田幸一,1965年9月21日
盛田幸妃,1969年11月21日
森田実,1939年3月23日
森田実,1963年1月30日
森田芳彦,1962年2月5日
盛田嘉哉,1947年8月21日
森谷昭仁,1979年10月8日
森谷昭,1955年7月18日
森永勝也,1934年4月5日
森野将彦,1978年7月28日
森福允彦,1986年7月29日
森光正吉,1941年3月5日
森本潔,1942年4月13日
森本龍弥,1994年6月12日
森本学,1978年1月6日
森山恵佑,1994年5月2日
森山正義,1950年9月14日
森脇浩司,1960年8月6日
諸積兼司,1969年5月29日
門奈哲寛,1970年5月30日
八木茂,1953年11月28日
屋宜照悟,1989年3月29日
八木孝,1940年9月16日
八木裕,1965年6月8日
谷沢健一,1947年9月22日
矢沢正,1948年8月2日
屋鋪要,1959年6月11日
八島祥司,1970年9月14日
安井亀和,1920年1月18日
安木祥二,1948年11月4日
安田秀之,1967年5月26日
安原政俊,1980年10月8日
安原達佳,1936年3月5日
谷内聖樹,1972年4月29日
矢頭高雄,1934年6月25日
柳川福三,1936年10月17日
柳沢高雄,1958年12月21日
柳沢裕一,1971年8月2日
柳田利夫,1936年8月18日
柳田真宏,1948年5月21日
矢野燿大,1968年12月6日
矢野英司,1976年6月15日
矢野謙次,1980年9月21日
矢野諭,1978年4月25日
矢野正之,1975年1月24日
矢ノ浦国満,1941年2月23日
藪恵壹,1968年9月28日
薮田安彦,1973年6月19日
矢部祐一,1946年8月24日
山内一弘,1932年5月1日
山内和宏,1957年9月1日
山内新一,1947年12月3日
山内泰幸,1973年3月16日
山尾孝雄,1941年2月13日
山岡洋之,1975年4月23日
山岡勝,1961年12月11日
山沖之彦,1959年7月26日
山川喜作,1922年8月25日
山川晃司,1996年11月15日
山川猛,1955年2月24日
山岸静馬,1934年4月2日
山岸穣,1982年8月17日
山北茂利,1978年1月6日
山口和男,1974年5月11日
山口幸司,1970年4月29日
山口弘佑,1977年8月6日
山口重幸,1966年6月24日
山口晋,1971年4月23日
山口鉄也,1983年11月11日
山口喜司,1946年1月17日
山倉和博,1955年9月2日
山崎章弘,1961年5月2日
山崎一玄,1972年7月21日
山崎健,1972年10月21日
山崎賢太,1978年5月27日
山崎敏,1981年4月8日
山崎慎太郎,1966年5月19日
山崎善平,1926年4月21日
山崎隆広,1976年10月11日
山崎貴弘,1978年9月1日
山崎武司,1968年11月7日
山崎憲晴,1986年12月13日
山崎弘美,1932年10月9日
山崎正之,1938年6月18日
山崎隆造,1958年4月15日
山下和輝,1968年8月6日
山下勝充,1977年5月19日
山下司,1948年7月8日
山下徳人,1965年10月11日
山田秋親,1978年9月19日
山田和利,1965年6月3日
山田和英,1958年12月5日
山田勝彦,1969年7月2日
山田喜久夫,1971年7月17日
山田潔,1921年1月16日
山田広二,1972年11月20日
山田潤,1971年8月30日
山田真介,1979年6月15日
山田貴志,1974年5月11日
山田武史,1965年6月1日
山田勉,1958年10月3日
山田勉,1968年2月9日
山田利昭,1933年1月15日
山田敏彦,1950年7月25日
山田博士,1973年6月17日
山中潔,1961年10月29日
山中巽,1944年1月4日
山根和夫,1955年8月2日
山根雅仁,1975年11月19日
山野和明,1967年5月4日
山部太,1971年1月4日
山村宏樹,1976年5月2日
山村路直,1978年12月5日
山本和生,1946年9月30日
山本和男,1954年2月15日
山本和作,1986年9月21日
山本和範,1957年10月18日
山本和行,1949年6月30日
山本一義,1938年7月22日
山本桂,1959年5月12日
山本賢寿,1981年4月8日
山本浩二,1946年10月25日
山本功児,1951年12月25日
山本幸二,1963年11月14日
山本重政,1944年3月1日
山本静雄,1921年12月1日
山本省吾,1978年5月28日
山本真一,1946年4月5日
山本晴三,1948年4月6日
山本拓司,1979年11月29日
山本哲也,1934年9月26日
山本哲哉,1985年9月4日
山本久夫,1940年1月1日
山本翔也,1988年10月12日
山本昌,1965年8月11日
山本雅夫,1953年8月12日
山本雅士,1994年11月3日
山本光将,1984年8月30日
山本保司,1972年4月9日
山本幸正,1974年8月3日
山本義司,1934年9月30日
山脇光治,1962年10月13日
ユウキ,1979年6月12日
湯舟敏郎,1966年10月8日
弓長起浩,1967年7月5日
横沢七郎,1913年1月27日
横田慎太郎,1995年6月9日
横田久則,1967年9月8日
横田真之,1962年11月26日
横谷彰将,1963年4月7日
横谷総一,1965年9月2日
横地由松,1939年5月2日
横松寿一,1983年2月2日
横溝桂,1935年10月1日
横山光次,1933年6月1日
横山小次郎,1942年7月23日
横山貴明,1991年4月10日
横山忠夫,1950年1月4日
横山弘樹,1992年3月12日
横山昌弘,1935年2月27日
横山道哉,1977年6月1日
横山竜士,1976年6月11日
吉井英昭,1972年4月3日
吉井理人,1965年4月20日
吉江英四郎,1922年7月9日
吉岡史郎,1935年7月18日
吉岡雄二,1971年7月29日
吉川勝成,1977年4月28日
吉川輝昭,1981年11月13日
吉川弘幸,1965年9月22日
吉川昌宏,1978年6月29日
吉川元浩,1979年7月29日
吉崎勝,1978年10月4日
吉沢岳男,1933年7月15日
吉沢秀和,1945年5月13日
吉田篤史,1970年9月29日
吉田猪佐喜,1915年7月24日
吉田英司,1938年9月20日
吉田勝豊,1935年3月21日
吉田勝彦,1945年1月17日
吉田好太,1977年12月24日
吉田修司,1966年11月29日
由田慎太郎,1981年7月20日
吉田孝司,1946年6月23日
吉田剛,1966年11月28日
吉田豊彦,1966年9月4日
吉田浩,1971年11月5日
吉田博之,1960年10月25日
吉田太,1968年9月8日
吉田康夫,1961年6月11日
吉田義男,1933年7月26日
吉田雄人,2017年6月25日
吉武真太郎,1975年6月3日
吉竹春樹,1961年1月5日
吉鶴憲治,1971年5月3日
吉年滝徳,1977年10月13日
吉永幸一郎,1969年5月1日
吉成武雄,1932年7月20日
吉野誠,1977年11月19日
吉原孝介,1969年3月29日
義原武敏,1937年7月29日
吉見祐治,1978年5月21日
吉水幸夫,1921年2月8日
芳村嵓夫,1920年4月21日
善村一仁,1972年1月1日
吉村禎章,1963年4月27日
吉村典男,1944年9月10日
吉村将生,1979年4月29日
吉村裕基,1984年6月14日
吉本亮,1969年11月22日
吉本亮,1980年5月8日
四條稔,1966年9月27日
与田剛,1965年12月4日
米崎薫臣,1968年3月19日
米田哲也,1938年3月3日
米村明,1959年8月6日
米村和樹,1974年4月10日
米山哲夫,1948年4月27日
龍憲一,1937年4月28日
竜太郎,1976年6月8日
亮寛,1979年4月28日
若竹竜士,1987年10月10日
若菜嘉晴,1953年12月5日
若林隆信,1974年2月26日
若林弘泰,1966年4月22日
若松駿太,1995年2月28日
脇谷亮太,1981年11月4日
若生和也,1944年11月16日
若生忠男,1937年8月22日
若生智男,1937年4月5日
和田功,1933年6月19日
和田一浩,1972年6月19日
和田孝志,1970年10月7日
和田徹,1945年7月27日
和田豊,1962年9月2日
渡邉恒樹,1978年5月17日
渡辺絢吾,1921年11月15日
渡辺純志,1952年8月17日
渡辺俊介,1976年8月27日
渡辺省三,1933年2月26日
渡辺伸治,1963年9月8日
渡辺誠太郎,2013年6月22日
渡邉孝男,1974年2月28日
渡辺長助,1956年10月11日
渡辺伸彦,1966年3月22日
渡辺英昭,1966年8月18日
渡辺秀武,1941年9月16日
渡辺弘基,1947年10月26日
渡辺博敏,1948年11月23日
渡邉博幸,1970年6月29日
渡辺正人,1979年4月3日
渡辺政仁,1967年7月14日
渡辺亮,1982年2月10日
渡部高史,1972年8月27日
渡部司,1950年6月6日
度会博文,1972年1月26日
相沢進,1930年6月9日
ティム・アイルランド,1953年3月14日
クリス・アギーラ,1979年2月23日
マニー・アコスタ,1981年5月1日
ケン・アスプロ,1931年9月22日
アダム・ハイズデュ,1971年12月6日
サムエル・アダメス,1994年9月27日
スコット・アッチソン,1976年3月29日
アブナー・アブレイユ,1989年10月24日
ウィンストン・アブレイユ,1977年4月5日
ミチェル・アブレイユ,1979年1月2日
ジャフェット・アマダー,1987年1月19日
エルビス・アラウホ,1991年7月15日
アラン山本,1935年4月12日
ジョージ・アリアス,1972年3月12日
オズワルド・アルシア,1991年5月9日
ジョージ・アルトマン,1933年3月20日
アンドリュー・アルバース,1985年10月6日
ジョナサン・アルバラデホ,1982年10月30日
エドガルド・アルフォンゾ,1973年11月8日
エリック・アルモンテ,1978年2月1日
ソイロ・アルモンテ,1989年6月10日
ヘクター・アルモンテ,1975年10月17日
アレックス・オチョア,1972年3月29日
キム・アレン,1953年4月5日
チャド・アレン,1975年2月6日
ブランドン・アレン,1986年2月12日
ロッド・アレン,1959年10月5日
安旭,1987年9月7日
アンソニー・カーター,1986年4月4日
スコット・アンダーソン,1962年8月1日
レスリー・アンダーソン,1982年3月30日
ティム・アンロー,1970年10月7日
李承燁,1976年10月11日
イ・デウン,1989年3月23日
李大浩,1982年6月21日
李炳圭,1974年10月25日
李恵践,1979年3月12日
李杋浩,1981年11月25日
林昌勇,1976年6月4日
ピート・インカビリア,1964年4月2日
インチェ,1981年5月1日
ゼラス・ウィーラー,1987年1月16日
ジョー・ウィーランド,1990年1月21日
リチャード・ウィッグス,1962年10月21日
ケビン・ウィット,1976年1月5日
ダレル・ウィットモア,1968年11月18日
ジミー・ウィリアム,1946年5月3日
ジェフ・ウィリアムス,1972年6月6日
ランディ・ウィリアムス,1975年9月18日
ジミー・ウィリアムズ,1965年5月18日
ウィルソン・バルデス,1978年5月20日
デジ・ウィルソン,1969年5月9日
ナイジェル・ウィルソン,1970年1月12日
マーベル・ウイン,1959年12月17日
ライアン・ウィング,1982年2月1日
呉偲佑,1982年5月24日
呉念庭,1993年6月7日
呉猛,1985年1月22日
マット・ウエスト,1988年11月21日
ブライアン・ウォーレン,1967年4月26日
ボブ・ウォルコット,1973年9月8日
ジェイソン・ウルキデス,1982年9月12日
サルバトーレ・ウルソー,1972年1月19日
ブライアン・ウルフ,1980年11月29日
レオナルド・ウルヘエス,1993年1月9日
アンディ・エイバッド,1972年8月25日
エドウィン・エスコバー,1992年4月22日
エンジェル・エチェバリア,1971年5月25日
タイラー・エップラー,1993年1月5日
エドガー・ゴンザレス,1978年6月14日
トム・エバンス,1974年7月9日
ニック・エバンス,1986年1月30日
エリアン・エレラ,1985年2月1日
ブラッド・エルドレッド,1980年7月12日
アンダーソン・エルナンデス,1982年10月30日
ナルシソ・エルビラ,1967年10月29日
ヨスラン・エレラ,1981年4月28日
エンリケ・ラミレス,1976年8月15日
呉昇桓,1982年7月15日
ホセ・オーティズ,1977年6月13日
ロス・オーレンドルフ,1982年8月8日
クリス・オクスプリング,1977年5月13日
ポール・オセゲラ,1984年1月6日
ウェス・オバミュラー,1976年12月22日
シャーマン・オバンドー,1970年1月23日
ウィルフィン・オビスポ,1984年9月26日
アルビス・オヘイダ,1983年9月23日
トーマス・オマリー,1960年12月25日
リチャード・オルセン,1957年6月1日
ラモン・オルティズ,1973年5月24日
ダグ・オルト,1950年3月9日
マイケル・オルムステッド,1987年5月2日
エドガー・オルモス,1990年4月12日
ローガン・オンドルセク,1985年2月13日
ウィリー・カークランド,1934年2月17日
クリス・カーター,1982年9月16日
ランス・カーター,1974年12月18日
アート・ガードナー,1952年9月21日
クリス・カーペンター,1985年12月26日
バディ・カーライル,1977年12月21日
ダン・カールソン,1970年1月26日
カールトン半田,1931年4月20日
アーロン・ガイエル,1972年10月5日
郭源治,1956年10月5日
郭李建夫,1969年3月24日
柏枝文治,1924年8月20日
ファビオ・カスティーヨ,1989年2月19日
ホセ・カスティーヨ,1981年3月19日
ボビー・カスティーヨ,1955年4月18日
ペドロ・カステヤーノ,1970年3月11日
アレックス・カステヤーノス,1986年8月4日
アンヘル・カストロ,1982年11月14日
リック・ガトームソン,1977年1月11日
金伏ウーゴ,1989年5月22日
バーバロ・カニザレス,1979年11月11日
ガブリエル・ガルシア,1989年5月11日
アレックス・カブレラ,1971年12月24日
ダニエル・カブレラ,1981年5月28日
ホルベルト・カブレラ,1972年12月8日
アルキメデス・カミネロ,1987年6月16日
キース・カムストック,1955年12月23日
マット・カラシティー,1991年7月23日
D.J.カラスコ,1977年4月12日
フェリックス・カラスコ,1987年2月14日
ヘクター・カラスコ,1969年10月22日
ビクター・ガラテ,1984年9月25日
フランシスコ・カラバイヨ,1983年10月21日
ビル・ガリクソン,1959年2月20日
エスマイリン・カリダ,1983年10月28日
オネルキ・ガルシア,1989年8月2日
カリーム・ガルシア,1975年10月29日
フレッディ・ガルシア,1972年8月1日
ホセ・アドリス・ガルシア,1993年3月2日
ルイス・ガルシア,1978年11月5日
フランク・ガルセス,1990年1月7日
クラウディオ・ガルバ,1977年3月28日
バルビーノ・ガルベス,1964年3月31日
カルロス・ロサ,1984年9月21日
クリストファー・カンバーランド,1973年1月15日
レオネル・カンポス,1987年7月17日
マット・キーオ,1955年7月3日
マット・キニー,1976年12月16日
金泰均,1982年5月29日
金炳賢,1979年1月19日
金無英,1985年11月22日
ゲーブ・キャプラー,1975年7月31日
エディ・ギャラード,1970年8月13日
マーク・キャリオン,1963年7月19日
ギャレット・ジョーンズ,1981年6月21日
ウェイン・ギャレット,1947年12月3日
エイドリアン・ギャレット,1943年1月3日
アレクシス・キャンデラリオ,1982年5月28日
エリック・キャンベル,1987年4月9日
キラ・カアイフエ,1984年3月29日
ショーン・ギルバート,1965年3月12日
プレストン・ギルメット,1987年7月27日
マイク・キンケード,1973年5月6日
マーカス・グウィン,1977年11月4日
リンゼイ・グーリン,1976年11月12日
スコット・クールボー,1966年6月13日
郭俊麟,1992年2月2日
アントニオ・グスマン,1976年9月27日
ジョエル・グスマン,1984年11月24日
ヘスス・グスマン,1984年6月14日
ライアン・クック,1987年6月30日
ジェフ・クベンカ,1974年8月24日
フィル・クラーク,1968年5月6日
マット・クラーク,1986年12月10日
セス・グライシンガー,1975年7月29日
フィル・クライン,1989年4月30日
ジュリスベル・グラシアル,1985年10月14日
フランクリン・グラセスキー,1979年8月20日
ダン・グラッデン,1957年7月7日
ジェイソン・グラボースキー,1976年5月24日
アレックス・グラマン,1977年11月17日
ダグ・クリーク,1969年3月1日
アンディ・グリーン,1977年7月7日
ディーン・グリーン,1989年6月30日
マイク・グリーンウェル,1963年7月18日
ユリエスキ・グリエル,1984年6月9日
ルルデス・グリエル・ジュニア,1993年10月10日
ライアン・グリン,1974年11月1日
リック・クルーガー,1948年11月3日
イバン・クルーズ,1968年5月3日
ヘクター・クルーズ,1953年4月2日
ライナー・クルーズ,1986年11月1日
ルイス・クルーズ,1984年2月10日
マーク・クルーン,1973年4月2日
ラファエル・クルス,1977年5月19日
クレイグ・ワーシントン,1965年4月17日
ボビー・クレイマー,1979年10月28日
マイク・クレス,1931年9月24日
フェリペ・クレスポ,1973年3月5日
グレン・デービス,1961年3月28日
ゲーリー・グローバー,1976年12月3日
マイケル・クロッタ,1984年9月25日
ジョー・クロフォード,1970年5月2日
ウォーレン・クロマティ,1953年9月29日
チャック・ケアリー,1960年3月3日
リッチ・ゲイル,1954年1月19日
ジョー・ゲインズ,1936年11月22日
ゲーリー・レーシッチ,1954年10月28日
アレファンドロ・ケサダ,1978年7月9日
ボビー・ケッペル,1982年6月11日
ケムナ誠,1995年6月5日
アレックス・ゲレーロ,1986年11月20日
ウィルフィレーセル・ゲレロ,1986年10月17日
呉新亨,1924年1月8日
フィル・コーク,1982年7月19日
ティム・コーコラン,1978年4月15日
レイ・コージ,1951年2月15日
エリック・コーディエ,1986年2月25日
ジョニー・ゴームズ,1980年11月22日
ブライアン・コーリー,1973年10月21日
ダネル・コールズ,1962年6月2日
小島勝治,1923年8月7日
ベン・コズロースキー,1980年8月16日
ヘンリー・コトー,1961年1月5日
アレクシス・ゴメス,1978年8月8日
アンダーソン・ゴメス,1985年3月12日
マウロ・ゴメス,1984年9月7日
レオ・ゴメス,1966年3月2日
オスカー・コラス,1998年9月17日
ジョシュ・コラレス,1990年5月25日
レミー・コルデロ,1997年12月18日
ジョン・コロンカ,1980年7月13日
エンリケ・ゴンザレス,1982年7月14日
ダン・ゴンザレス,1953年9月30日
ディッキー・ゴンザレス,1978年12月21日
デニー・ゴンザレス,1963年7月22日
トニー・ゴンザレス,1936年8月28日
ルイス・ゴンザレス,1979年6月26日
ブルックス・コンラッド,1980年1月16日
ランドール・サイモン,1975年5月25日
マイク・ザガースキー,1983年1月27日
櫻井嘉実,1984年10月31日
コーディ・サターホワイト,1987年1月27日
佐野泰雄,1993年1月18日
デニス・サファテ,1981年4月9日
サムソン・リー,1971年3月11日
オスカー・サラサー,1978年6月27日
ロバート・ザラテ,1987年2月1日
フアン・サンタナ,1994年8月16日
フリオ・サンタナ,1974年1月20日
フォアキン・サンタマリア,1989年9月21日
ルイス・サンチェ,1953年8月24日
ギャビー・サンチェス,1983年9月2日
ロムロ・サンチェス,1984年4月28日
マリオ・サンティアゴ,1984年12月16日
サンティアゴ・ラミレス,1978年8月15日
ロエル・サントス,1987年9月15日
ネイト・シアーホルツ,1984年2月15日
ディロン・ジー,1986年4月28日
リード・シークリスト,1970年5月7日
GG,1975年1月8日
C.C.リー,1986年10月21日
アンディ・シーツ,1971年11月19日
スコット・シーボル,1975年5月17日
JDダービン,1982年2月24日
ディオン・ジェームズ,1962年11月9日
リッチー・シェーン,1942年11月5日
タナー・シェッパーズ,1987年1月17日
ジェフン,1990年10月29日
カイル・ジェンセン,1988年5月20日
ジオ・アルバラード,1978年1月24日
ブライアン・シコースキー,1974年7月27日
ジョン・シピン,1946年8月29日
ケビン・ジャービス,1969年8月1日
ジェイ・ジャクソン,1987年10月27日
ブルック・ジャコビー,1959年11月23日
ジャック・ドウティー,1960年7月3日
ジャスティン・ジャマーノ,1982年8月6日
エステバン・ジャン,1975年6月22日
姜建銘,1985年5月27日
朱大衛,1988年7月25日
許銘傑,1976年12月1日
エリック・シュールストロム,1969年3月25日
ブライアン・シュリッター,1985年12月21日
マイク・シュルツ,1979年11月28日
蕭一傑,1986年1月2日
ジョージ・ヒンショー,1959年10月23日
ダリル・ジョージ,1993年3月14日
ジョーダン・ノルベルト,1986年12月8日
ジョシュ・ショート,1987年4月1日
アンドリュー・ジョーンズ,1977年4月23日
ジミー・ジョーンズ,1964年4月20日
ボビー・ジョーンズ,1949年10月11日
ミッチ・ジョーンズ,1977年10月15日
ルパート・ジョーンズ,1955年3月12日
グレッグ・ジョンストン,1955年2月12日
クリス・ジョンソン,1984年10月14日
デービー・ジョンソン,1943年1月30日
ピアース・ジョンソン,1991年5月10日
マーク・ジョンソン,1967年10月17日
マイク・ジョンソン,1975年10月3日
ランディ・ジョンソン,1956年6月10日
アウディ・シリアコ,1987年6月16日
申成鉉,1990年10月19日
アルバート・スアレス,1989年10月8日
ロベルト・スアレス,1991年3月1日
ブライアン・スウィーニー,1974年6月13日
マット・スクルメタ,1972年11月6日
ボビー・スケールズ,1977年10月4日
ロブ・スタニファー,1972年3月10日
エリック・スタルツ,1979年12月9日
ヴィクトル・スタルヒン,1916年5月1日
リロイ・スタントン,1946年4月10日
ジェイソン・スタンリッジ,1978年11月9日
ジーン・スチブンス,1933年1月20日
ジョッシュ・スチュワート,1978年12月5日
カーター・スチュワート・ジュニア,1999年11月2日
マット・ステアーズ,1968年2月27日
スティーブ・ストローター,1952年3月15日
ライアン・スパイアー,1979年7月24日
スパイク,1960年1月8日
チャーリー・スパイクス,1951年1月23日
ライアン・スピリー,1979年9月5日
シェーン・スペンサー,1972年2月20日
レジー・スミス,1945年4月2日
フリオ・ズレータ,1975年3月28日
ターメル・スレッジ,1977年3月18日
フェルナンド・セギノール,1975年1月19日
アレハンドロ・セゴビア,1990年4月27日
ディオニス・セサル,1976年9月27日
セドリック・バワーズ,1978年2月10日
クリス・セドン,1983年10月13日
レイソン・セプティモ,1985年7月7日
フレデリク・セペダ,1980年4月8日
瀬間仲ノルベルト,1984年5月31日
アンソニー・セラテリ,1983年2月27日
ダン・セラフィニ,1974年1月25日
鄭凱文,1988年7月26日
曹竣揚,1976年3月29日
ホルヘ・ソーサ,1977年4月28日
ミゲル・ソコロビッチ,1986年7月24日
エンジェルベルト・ソト,1982年8月20日
ネフタリ・ソト,1989年2月28日
ヤンガービス・ソラーテ,1987年7月3日
アルフォンソ・ソリアーノ,1976年1月7日
ディオーニ・ソリアーノ,1982年12月30日
サミー・ソリス,1988年8月10日
マイク・ソロムコ,1935年7月24日
宋相勲,1993年2月24日
宋家豪,1992年9月6日
宣銅烈,1963年1月10日
ダーウィン・クビアン,1972年11月15日
大順将弘,1964年11月16日
大豊泰昭,1963年11月15日
タイロン・ウッズ,1969年8月19日
高橋吉雄,1908年2月19日
ショーン・ダグラス,1979年4月28日
ブランドン・ダックワース,1976年1月23日
ジョアン・タバーレス,1994年11月4日
マット・ダフィー,1989年2月6日
玉木重雄,1971年2月25日
トニー・タラスコ,1970年12月9日
マリアーノ・ダンカン,1963年3月13日
ロビンソン・チェコ,1971年9月9日
チェン・ウェイン,1985年7月21日
陳冠宇,1990年10月29日
ウェス・チェンバレン,1966年4月13日
ヨヘルミン・チャベス,1989年1月26日
ヴィニー・チューク,1978年12月19日
趙成珉,1973年4月5日
張奕,1994年2月26日
鄭珉哲,1972年3月28日
鄭珉台,1970年3月1日
マット・チルダース,1978年12月3日
蔡森夫,1987年8月27日
崔暁,1988年7月31日
ブラッド・ツイドリー,1971年12月9日
ロブ・ディアー,1960年9月29日
エディ・ディアス,1971年9月29日
ビクトル・ディアス,1981年12月10日
フェリックス・ディアス,1980年7月27日
オコエ・ディクソン,1990年2月9日
ブランドン・ディクソン,1984年11月3日
ベニー・ディステファーノ,1962年1月23日
トム・デイビー,1973年9月11日
カイル・デイビーズ,1983年9月9日
デイモン・マイナー,1974年1月5日
オジー・ティモンズ,1970年9月18日
ジョー・ディロン,1975年8月2日
ディンゴ,1969年12月14日
ポール・デード,1951年12月7日
ウィリー・デービス,1940年4月15日
スコット・デービソン,1970年10月16日
ボビー・テーラー,1944年3月20日
アルフレド・デスパイネ,1986年6月17日
エルマー・デセンス,1971年1月13日
シェーン・デニス,1971年7月3日
ミッチ・デニング,1988年8月17日
リック・デハート,1970年3月21日
デビット・パブラス,1962年8月12日
スコット・デビッド・サービス,1967年2月26日
ダニーロ・デヘスス,1987年11月2日
マイク・デュプリー,1953年5月29日
フェルナンド・デラクルーズ,1971年1月25日
フランシスコ・デラクルーズ,1973年7月9日
ヘクター・デラクルーズ,1965年12月5日
エウロ・デラクルス,1984年3月12日
スティーブ・デラバー,1983年7月17日
トマス・デラロサ,1977年1月28日
ルビー・デラロサ,1989年3月4日
ルイス・テレーロ,1980年5月18日
ファン・デレオン,1980年6月24日
ジェイミー・デントナ,1982年5月12日
テリー・ドイル,1985年11月2日
ジム・ドゥール,1925年8月6日
ドリュー・トゥサント,1982年10月24日
ジャスティン・トーマス,1984年1月18日
ブラッド・トーマス,1977年10月22日
スコット・ドーマン,1978年2月13日
カルロス・トーレス,1982年10月22日
ラリー・ドビー,1923年12月13日
ゲーリー・トマソン,1951年7月29日
マット・ドミンゲス,1989年8月28日
ドミンゴ・グスマン,1975年4月5日
ラファエル・ドリス,1988年1月10日
ヤディル・ドレイク,1990年4月12日
アンディ・トレーシー,1973年12月11日
チャド・トレーシー,1980年5月22日
マイケル・トンキン,1989年11月19日
ジェイソン・トンプソン,1971年6月13日
クリス・ナーブソン,1981年12月20日
ブランドン・ナイト,1975年10月1日
仲尾次オスカル,1991年3月28日
リカルド・ナニータ,1981年6月12日
エフレン・ナバーロ,1986年5月14日
ヤマイコ・ナバーロ,1987年10月31日
ボブ・ニーマン,1927年1月26日
ザック・ニール,1988年11月9日
クリストファー・ニコースキー,1973年3月9日
西田亨,1930年7月1日
ニック・スタビノア,1982年5月3日
ニューク,1926年6月14日
アラン・ニューマン,1969年10月2日
ドリュー・ネイラー,1986年5月31日
マキシモ・ネルソン,1982年4月21日
ノエル・ウレーニャ,1989年8月25日
エリック・ノット,1974年9月23日
野村佑希,2000年6月26日
ショーン・バーグマン,1970年4月11日
タイラー・リー・バークレオ,1962年10月7日
アンソニー・バース,1987年11月1日
ランディ・バース,1954年3月13日
ジミー・ハースト,1972年3月1日
ブライアン・バーデン,1981年4月2日
バート・シャーリー,1940年1月4日
ジェイソン・ハートキー,1971年9月15日
ディーン・ハートグレイブス,1966年8月12日
マイク・ハートリー,1961年8月31日
ゲイリー・バーナム・ジュニア,1974年10月13日
トニー・バーネット,1983年11月9日
ブレット・ハーパー,1981年7月31日
ジェシー・バーフィールド,1959年10月29日
ジョニー・バーベイト,1992年7月11日
フランク・ハーマン,1984年5月30日
ジェレミー・ハーミッダ,1984年1月30日
ケビン・バーン,1974年1月1日
エイドリアン・バーンサイド,1977年3月15日
ピーター・バーンサイド,1930年7月2日
ラリー・バーンズ,1974年7月23日
フィル・ハイアット,1969年5月1日
エドガルド・バイエス,1985年7月12日
フレディ・バイエスタス,1986年10月4日
フレディ・バイナム,1980年3月15日
フアン・ハイメ,1987年8月2日
ジャック・ハウエル,1961年8月18日
アロンゾ・パウエル,1964年12月12日
ジェレミー・パウエル,1976年6月18日
ジム・ハウザー,1984年3月30日
朴賛浩,1973年7月28日
アダム・バス,1981年7月31日
ヴァル・パスクチ,1978年11月17日
エスメルリング・バスケス,1983年11月7日
ジョン・パセラ,1956年9月15日
ジム・パチョレック,1960年6月7日
ジーン・バッキー,1937年8月12日
スペンサー・パットン,1988年2月20日
ビセンテ・パディーヤ,1977年9月27日
サビエル・バティスタ,1992年1月18日
トニー・バティスタ,1973年12月9日
ジョーイ・バトラー,1986年3月12日
ハワード・バトル,1972年3月25日
ブライアン・バニスター,1981年2月28日
ジム・バビー,1941年9月15日
デビッド・ハフ,1984年8月22日
チャド・ハフマン,1985年4月29日
クレイトン・ハミルトン,1982年6月15日
スティーブ・ハモンド,1982年4月30日
ネルソン・パヤノ,1982年11月13日
ジミー・パラデス,1988年11月25日
ジェフ・バリー,1969年9月22日
エディソン・バリオス,1988年10月11日
ラリー・パリッシュ,1953年11月10日
ブライアン・バリントン,1980年9月30日
ケニス・バルガス,1990年8月1日
マーチン・バルガス,1978年2月22日
アーロム・バルディリス,1983年1月5日
エドワード・バルデス,1980年2月8日
カルロス・バルデス,1971年12月26日
マーク・バルデス,1971年12月20日
ラウル・バルデス,1977年11月27日
リッキー・バレット,1981年3月9日
ジョー・バレンタイン,1979年12月24日
フレッド・バレンタイン,1935年1月19日
ウラディミール・バレンティン,1984年7月2日
エリック・バレント,1977年4月4日
ジャスティン・ハンコック,1990年10月28日
バンスロー,1956年10月1日
グレッグ・ハンセル,1971年3月12日
デーブ・ハンセン,1968年11月24日
メルビン・バンチ,1971年11月4日
リック・バンデンハーク,1985年5月22日
アンディ・バンヘッケン,1979年7月31日
デュアンテ・ヒース,1985年8月28日
ダヤン・ビシエド,1989年3月10日
ジム・ヒックス,1940年5月18日
ケルビン・ヒメネス,1980年10月27日
ルイス・ヒメネス,1982年5月7日
ルイス・ヒメネス,1988年1月18日
クリスチャン・ビヤヌエバ,1991年6月19日
ジャスティン・ヒューバー,1982年7月1日
デーブ・ヒルトン,1950年9月15日
エリック・ヒルマン,1966年4月27日
デュアン・ビロウ,1985年11月15日
広田順,1925年8月3日
レニエル・ピント,1982年7月8日
スティーブン・ファイフ,1986年10月4日
ブライアン・ファルケンボーグ,1978年1月18日
黄志龍,1989年2月22日
ルーク・ファンミル,1984年9月15日
マイク・フィアリー,1969年12月9日
ジョシュ・フィールズ,1982年12月14日
ジェフ・フィオレンティーノ,1983年4月14日
アルフレッド・フィガロ,1984年7月7日
アンディ・フィリップス,1977年4月6日
ザック・フィリップス,1986年9月21日
レスリー・フィルキンス,1956年9月14日
セシル・フィルダー,1963年9月21日
フアン・フェリシアーノ,1980年4月6日
ペドロ・フェリシアーノ,1976年8月25日
ジャレッド・フェルナンデス,1972年2月2日
チコ・フェルナンデス,1932年3月2日
ホセ・フェルナンデス,1974年11月2日
ラファエル・フェルナンデス,1986年4月23日
ルシアノ・フェルナンド,1992年4月13日
ルー・フォード,1976年8月12日
スティーブ・フォックス,1946年2月12日
ケーシー・フォッサム,1978年1月6日
デビッド・ブキャナン,1989年5月11日
ブライアン・ブキャナン,1973年7月21日
藤重登,1930年9月18日
アラン・ブセニッツ,1990年8月22日
ラルフ・ブライアント,1961年5月20日
ジェイソン・プライディ,1983年10月9日
アダム・ブライト,1984年8月11日
ジム・ブラウワー,1972年12月29日
ジェイミー・ブラウン,1977年3月31日
ディー・ブラウン,1978年3月27日
マーク・ブラウン,1941年2月12日
マーティ・ブラウン,1963年1月23日
マイク・ブラウン,1959年12月29日
ルイス・ブラウン,1982年12月10日
クレイグ・ブラゼル,1980年5月10日
ヤンシー・ブラゾバン,1980年6月11日
トラビス・ブラックリー,1982年11月4日
ジャバリ・ブラッシュ,1989年7月4日
ブラッドリー・バーゲセン,1985年9月25日
フィル・ブラッドリー,1959年3月11日
マイカ・フランクリン,1972年4月25日
エスターリン・フランコ,1980年11月25日
フリオ・フランコ,1958年8月23日
マット・フランコ,1969年8月19日
トニ・ブランコ,1980年11月10日
フアン・フランシスコ,1987年6月24日
ヘロニモ・フランスア,1993年9月25日
ミッキー・ブラントリー,1961年6月17日
ブランドン・マン,1984年5月16日
クリフ・ブランボー,1974年4月21日
ハル・ブリーデン,1944年6月28日
ジェイク・ブリガム,1988年2月10日
サンディ・ブリトー,1996年7月19日
ライアン・ブレイシア,1987年8月26日
ブレント・ブレイディー,1971年9月13日
フレッド・クハウルア,1953年2月23日
スコット・ブレット,1968年12月25日
マイク・ブロードウェイ,1987年3月30日
クリス・ブロック,1970年2月5日
マイク・ブロワーズ,1965年4月24日
マット・ヘイグ,1985年8月20日
コリー・ベイリー,1971年1月24日
ジョナ・ベイリス,1980年8月13日
ジョン・ベイル,1974年5月22日
ブレイディン・ヘーゲンズ,1989年5月12日
ウィリー・モー・ペーニャ,1982年1月23日
ラミロ・ペーニャ,1985年7月18日
マルコス・ベキオナチ,1986年8月7日
白嗟承,1980年5月29日
カルロス・ペゲーロ,1987年2月22日
フランシスコ・ペゲーロ,1988年6月1日
カンディド・ヘスス,1985年10月5日
マイク・ヘスマン,1978年3月5日
ロベルト・ペタジーニ,1971年6月2日
ユニエスキー・ベタンコート,1982年1月31日
ロドニー・ペドラザ,1969年12月28日
ザック・ペトリック,1989年7月29日
ベニー・アグバヤニ,1971年12月28日
ブラッド・ペニー,1978年5月24日
ジョニー・ヘルウェグ,1988年10月29日
ソイロ・ベルサイエス,1939年12月18日
レノ・ベルトイア,1935年1月8日
フェリックス・ペルドモ,1973年7月24日
リゴ・ベルトラン,1969年11月13日
エステバン・ヘルマン,1978年1月26日
ゴンザレス・ヘルメン,1987年9月23日
エルネスト・ペレイラ,1982年5月6日
エドワード・ペレス,1969年9月11日
カルロス・ペレス,1991年11月20日
ネルソン・ペレス,1987年11月16日
フェリックス・ペレス,1984年11月14日
ヨーキス・ペレス,1967年9月30日
ラファエル・ペレス,1982年5月15日
ルイス・ペレス,1985年1月20日
クリスチャン・ベロア,1979年4月27日
グレゴリー・ベロス,1988年6月3日
ヘイデン・ペン,1984年10月13日
ドウェイン・ヘンリー,1962年2月16日
ポール・ホイタック,1930年11月6日
ブレイン・ボイヤー,1981年7月11日
ジョン・ボウカー,1983年7月8日
ブルース・ボウクレア,1952年12月9日
マイケル・ボウデン,1986年9月9日
ライアン・ボーグルソン,1977年7月22日
ルー・ポート,1971年8月21日
フェリペ・ポーリーノ,1983年10月5日
フランク・ボーリック,1966年6月28日
メル・ホール,1960年9月16日
ジェフ・ボール,1969年4月17日
デニス・ホールトン,1979年8月12日
ヒラム・ボカチカ,1976年3月4日
ブライアン・ボグセビック,1984年2月18日
ホセ・パーラ,1972年11月28日
ケビン・ホッジス,1973年6月24日
トレイ・ホッジス,1978年6月29日
ジェイソン・ボッツ,1980年7月26日
ゲイル・ホプキンス,1943年2月19日
マイカ・ホフパワー,1980年3月1日
デーモン・ホリンズ,1974年6月12日
マイク・ボルシンガー,1988年1月29日
アーロン・ポレダ,1986年10月1日
ラファエル・ポロ,1993年4月2日
デリック・ホワイト,1969年10月12日
ロイ・ホワイト,1943年12月27日
ジョシュ・ホワイトセル,1982年4月14日
ジム・マーシャル,1931年5月25日
ケビン・マース,1965年1月20日
ジーン・マーチン,1947年1月12日
カイル・マーティン,1991年1月18日
クリス・マーティン,1986年6月2日
レオニス・マーティン,1988年3月6日
マット・マートン,1981年10月3日
ビル・マーフィー,1981年5月9日
アーロン・マイエット,1977年9月26日
マイルズ・マイコラス,1988年8月23日
ロドニー・マイヤーズ,1969年6月26日
アレッサンドロ・マエストリ,1985年6月1日
曲尾マイケ,1991年11月18日
ケーシー・マギー,1982年10月12日
ミッキー・マクガイア,1941年1月18日
スコット・マクガフ,1989年10月31日
ボブ・マクドナルド,1965年4月27日
エバン・マクレーン,1982年11月4日
スコット・マクレーン,1972年5月19日
ボブ・マクローリー,1982年5月3日
ジミー・マケーブ,1928年1月7日
ホセ・マシーアス,1972年1月25日
ダグ・マシス,1983年6月7日
スコット・マシソン,1984年2月27日
シェーン・マック,1963年12月4日
マックス・ベナブル,1957年6月6日
レオン・マックファーデン,1944年4月26日
ロブ・マットソン,1966年11月18日
松元ユウイチ,1980年12月18日
ナタナエル・マテオ,1981年12月16日
マルコス・マテオ,1984年4月18日
ウィルソン・マトス,1988年4月10日
ワーナー・マドリガル,1984年3月21日
マリオ・バルデス,1974年11月19日
マリオ・ブリトー,1966年4月9日
ジェフリー・マルテ,1991年6月21日
ビクトル・マルテ,1980年11月8日
アリエル・マルティネス,1996年5月28日
ドミンゴ・マルティネス,1965年8月4日
ニック・マルティネス,1990年8月5日
ホルヘ・マルティネス,1993年3月29日
ライデル・マルティネス,1996年10月11日
ルイス・マルティネス,1980年1月20日
ライアン・マルハーン,1980年11月29日
クリス・マレーロ,1988年7月2日
ブライアン・マレット,1975年1月19日
スコット・マレン,1975年1月17日
ジェフ・マント,1964年8月23日
バート・ミアディッチ,1976年2月3日
ミゲル・メヒア,1988年1月18日
キャム・ミコライオ,1984年5月10日
ダン・ミセリ,1970年9月9日
パット・ミッシュ,1981年8月18日
セルジオ・ミトレ,1981年2月16日
南貴樹,1992年10月23日
三宅宗源,1958年12月1日
宮本敏雄,1933年4月26日
ヘンスリー・ミューレン,1967年6月23日
カート・ミラー,1972年8月24日
ジャスティン・ミラー,1977年8月27日
ジョン・ミラー,1944年3月14日
カルロス・ミラバル,1973年4月24日
アリエル・ミランダ,1989年1月10日
フアン・ミランダ,1983年4月25日
ブラッド・ミルズ,1985年3月5日
ラスティングス・ミレッジ,1985年4月5日
ネイサン・ミンチー,1969年8月31日
トレイ・ムーア,1972年10月2日
フアン・カルロス・ムニス,1976年1月28日
アガスティン・ムリーロ,1982年5月5日
ダレル・メイ,1972年6月13日
デリック・メイ,1968年7月14日
レアンドロ・メジャ,1990年5月5日
ランディ・メッセンジャー,1981年8月13日
ルイス・メディーナ,1963年3月26日
アルフレッド・メナ,1993年12月6日
ジョーイ・メネセス,1992年5月6日
アレハンドロ・メヒア,1993年3月10日
エルネスト・メヒア,1985年12月2日
クリストファー・クリソストモ・メルセデス,1994年3月8日
ケビン・メンチ,1978年1月7日
ロマン・メンデス,1990年7月25日
アニェニル・メンドーサ,1989年12月9日
エクトル・メンドーサ,1994年3月5日
ルイス・メンドーサ,1983年10月31日
リバン・モイネロ,1995年12月8日
ナイジャー・モーガン,1980年7月2日
ケビン・モスカテル,1991年5月16日
ギジェルモ・モスコーソ,1983年11月14日
ロイド・モスビー,1959年11月5日
イスラエル・モタ,1996年1月3日
ケン・モッカ,1950年9月29日
ダリル・モトリー,1960年1月21日
スティーブン・モヤ,1991年8月9日
フアン・モリーヨ,1983年11月5日
ダスティン・モルケン,1984年8月21日
ディエゴ・モレノ,1987年7月21日
ブレント・モレル,1987年4月21日
ラモン・モレル,1974年8月15日
リッチ・モンテ,1963年3月22日
エマイリン・モンティージャ,1995年10月2日
フランク・ヤシック,1940年5月17日
陽耀勲,1983年1月22日
エリック・ヤング,1977年1月5日
ティム・ヤング,1973年10月15日
マイク・ヤング,1960年3月20日
テイラー・ヤングマン,1989年12月18日
ケビン・ユーキリス,1979年3月15日
陽岱鋼,1987年1月17日
与儀眞助,1928年2月13日
義信,1963年8月15日
与那嶺要,2011年2月28日
マーク・ライアル,1960年4月28日
ラスティ・ライアル,1983年3月16日
クライド・ライト,1941年2月20日
ジム・ライトル,1946年5月20日
ミッチ・ライブリー,1985年9月7日
マイク・ラインバック,1949年8月6日
ゲーリー・ラス,1973年1月10日
ダレル・ラズナー,1981年1月13日
ザック・ラッツ,1986年6月3日
エリック・ラドウィック,1971年12月14日
ブライアン・ラヘア,1982年11月5日
フェリックス・ラミーレス,1976年1月7日
ラモン・ラミーレス,1981年8月31日
アレックス・ラミレス,1974年10月3日
ロベルト・ラミレズ,1972年8月17日
アレックス・ラミレス・ジュニア,1983年9月1日
スティーブン・ラム,1956年10月22日
レイミン・ラモス,1996年4月27日
エドガー・ララ,1989年3月2日
クリス・ラルー,1984年4月14日
グレッグ・ラロッカ,1972年11月10日
コーディ・ランサム,1976年2月17日
リック・ランス,1956年7月5日
ダン・ランズラー,1985年3月30日
マット・ランデル,1977年2月15日
デビッド・ランドクィスト,1973年6月4日
チェイス・ランビン,1979年6月7日
コリー・リー,1974年12月26日
李昱鴻,1993年2月22日
李景一,1982年4月26日
李鍾範,1970年8月15日
李杜軒,1988年4月21日
クリス・リーソップ,1982年11月4日
アマウリ・リーバス,1985年12月20日
ダニエル・リオス,1972年11月11日
ジェロッド・リガン,1974年5月16日
アダム・リグス,1972年10月4日
ラダメス・リズ,1983年10月6日
リック・ショート,1972年12月6日
オマール・リナレス,1967年10月23日
カルロス・リベラ,1970年11月5日
ベン・リベラ,1969年1月11日
カルロス・リベロ,1988年5月20日
廖任磊,1993年8月30日
ネルソン・リリアーノ,1964年6月3日
林羿豪,1991年1月2日
林彦峰,1985年5月22日
林威助,1979年1月22日
林恩宇,1981年3月25日
トッド・リンデン,1980年6月30日
ジャック・リンド,1946年6月8日
呂彦青,1996年3月10日
呂建剛,1979年2月19日
ランディ・ルイーズ,1977年10月19日
ルイス・サントス,1966年12月29日
コルビー・ルイス,1979年8月2日
フレッド・ルイス,1980年12月9日
ジョシュ・ルーキ,1984年12月5日
ライアン・ループ,1975年3月31日
エクトル・ルナ,1980年2月1日
ウェイド・ルブラン,1984年8月7日
ブランドン・レアード,1987年9月11日
ケニー・レイ,1974年11月27日
クリス・レイサム,1973年5月26日
エジソン・レイノソ,1975年10月10日
グレッグ・レイノルズ,1985年7月3日
ジョシュ・レイビン,1988年1月21日
ケニー・レイボーン,1974年11月22日
デーブ・レーシッチ,1951年9月28日
カイル・レグナルト,1988年12月13日
ジョン・レスター,1979年2月7日
マイケル・レストビッチ,1979年1月3日
サル・レッカ,1923年11月8日
ウィル・レデズマ,1981年1月21日
アンソニー・レルー,1982年10月28日
呂明賜,1964年10月30日
キャメロン・ロー,1981年9月10日
タフィ・ローズ,1968年8月21日
ロバート・ローズ,1967年3月15日
ドン・ローチ,1989年12月14日
ウェイド・ロードン,1960年9月7日
ケイシー・ローレンス,1987年10月28日
ローン・ウッズ,1943年2月1日
ウィリン・ロサリオ,1989年2月23日
ライネル・ロサリオ,1989年3月29日
ジェイソン・ロジャース,1988年3月13日
ヴィニー・ロッティーノ,1980年4月7日
ジョエリー・ロドリゲス,1991年11月14日
ネリオ・ロドリゲス,1971年3月4日
ブライアン・ロドリゲス,1991年7月6日
クリス・ロバーツ,1971年6月25日
ポーフィリオ・ロペス,1990年3月24日
ホセ・ロペス,1983年11月24日
ルイス・ロペス,1964年9月1日
ルイス・ロペス,1973年10月5日
ジェイミー・ロマック,1985年9月30日
マイク・ロマノ,1972年3月3日
オーランド・ロマン,1978年11月28日
エニー・ロメロ,1991年1月24日
ステフェン・ロメロ,1988年10月17日
レビ・ロメロ,1984年4月12日
ホルヘ・ロンドン,1988年9月16日
ジェイ・ワード,1938年9月9日
ニール・ワグナー,1984年1月1日
ジョン・ワズディン,1972年8月5日
マーク・ワトソン,1974年1月23日
マット・ワトソン,1978年9月5日
王溢正,1985年10月9日
王彦程,2001年2月14日
王柏融,1993年9月9日
