相澤優子,9月
相原渚,9月
青木康平,12月
青木節子,12月
青木勇人,1月
青木幹典,9月
青島心,1月
青沼令子,1月
青野和人,4月
青野文彦,10月
青山友香,7月
阿形美由紀,5月
赤穂さくら,4月
赤穂ひまわり,8月
赤穂真,7月
浅野崇史,10月
朝山正悟,6月
安谷屋健太,5月
安谷屋（西田）陽子,1月
阿部理,8月
阿部成章,9月
安部潤,4月
阿部友和,9月
阿部真弓,6月
阿部佑宇,9月
阿部有希子,8月
阿部幸音,12月
天津希,11月
天野喜崇,6月
天野佳代子,7月
天野佳彦,5月
網野友雄,9月
荒順一,7月
荒井尚光,5月
新井靖明,5月
荒尾岳,1月
有明葵衣,5月
ビットル・アルフォンソ・アリサ,8月
有馬浩平,12月
有山景子,12月
安西智和,4月
安齋竜三,11月
安藤毅,7月
安藤正彦,7月
五十嵐圭,5月
伊計郁也,9月
池内泰明,1月
池内侑里,6月
池住美穂,4月
池田麻美,5月
池田雄一,7月
池谷悠希,7月
伊佐樹里,9月
伊佐勉,11月
石井秀生,5月
石川幸子,8月
石川麻衣,4月
石川真衣,2月
石坂秀一,7月
石崎巧,7月
石田剛規,9月
石田晃章,4月
石谷聡,6月
石橋貴俊,9月
石橋晴行,12月
石原愛子,11月
伊集南,10月
出水田理絵,3月
磯部夏紀,9月
磯山絵美,5月
板倉令奈,5月
市川かおり,11月
一乗アキ,11月
市野育代,10月
一色翔太,8月
井手勇次,6月
糸井貴子,4月
伊藤恭子,4月
伊藤俊亮,6月
伊藤聖子,8月
伊藤大司,12月
伊藤拓郎,8月
伊藤奈月,8月
伊藤将伸,2月
糸山隆司,11月
稲井桃子,3月
稲垣敦,4月
稲本聡子,7月
井上聡人,10月
井上公男,12月
井上早希,3月
井上ジョナサン,5月
井上聡,1月
井上裕介,9月
伊良皆竜一,5月
岩隈隆士,6月
岩佐潤,7月
岩田淳,10月
岩村裕美,6月
上江田勇樹,6月
植田義巳,6月
上山博之,6月
宇佐美里菜,7月
鵜澤潤,10月
牛田悠理,10月
宇田康利,3月
内田しずか,1月
内野智香英,1月
宇都宮正,12月
内海慎吾,4月
内海知秀,12月
内海亮子,9月
宇都直輝,6月
宇原千晶,11月
梅嵜周毅,3月
梅沢カディシャ樹奈,7月
梅宮学,9月
浦伸嘉,10月
浦上幸二郎,3月
浦島慧子,5月
陰承民,10月
江川嘉孝,12月
江口真紀,10月
遠藤祐亮,10月
大庭久美子,5月
大場清悦,4月
大庭哲夫,12月
大場康弘,10月
大渕幹大,8月
大宮宏正,11月
大屋秀作,8月
大山妙子,6月
大山春美,2月
岡里明美,7月
小笠原ひかる,2月
岡田慎吾,9月
岡田卓也,3月
岡田優,7月
岡田優介,9月
岡村憲司,5月
岡本彩也花,4月
岡山華織,2月
岡山恭崇,11月
小川和美,7月
小川伸也,8月
小川忠晴,12月
小川直樹,10月
沖田眞,8月
奥里綾子,4月
奥平貴也,9月
奥本友人,2月
奥山理々嘉,4月
オコエ桃仁花,2月
落合里泉,5月
小沼めぐみ,3月
小野秀二,1月
小野壮二郎,3月
小野竜智,10月
小野元,1月
小野龍猛,1月
小畑亜章子,10月
小原匡博,4月
小淵雅,9月
折腹祐樹,2月
折茂武彦,5月
海保宣生,12月
加々美裕也,1月
柿崎宏江,4月
岳亭,5月
笠原太志,8月
風間緑,5月
角畑莉子,12月
鹿毛誠一郎,3月
梶山信吾,10月
柏木真介,12月
柏倉秀徳,8月
春日流い,10月
片岡大晴,12月
勝久マイケル,4月
勝又穣次,7月
勝又英樹,6月
加藤いずみ,10月
加藤貴子,4月
加藤臨,9月
加藤真,4月
加藤三彦,5月
加藤夕貴,2月
加藤佑理,7月
加藤瑠倭,7月
門屋加壽子,10月
鹿子木健日子,6月
金丸晃輔,3月
金川英雄,10月
金子貴代美,6月
金子寛治,11月
金田詳徳,7月
金原沙織,9月
金原彩姫,3月
鹿野洵生,1月
加納督大,7月
蒲谷千恵,8月
蒲谷正之,7月
鎌田正司,4月
上酔尾巳唯,12月
亀崎光博,10月
狩俣昌也,4月
川井梢,9月
川井麻衣,4月
河合竜児,7月
川上聖子,6月
川上麻莉亜,9月
川崎真由美,10月
川嶋勇人,5月
川曽努,2月
河内修斗,8月
河内敏光,5月
川面剛,1月
川畑隼人,4月
川畑宏美,3月
川原麻耶,11月
川辺泰三,5月
川邉亮平,3月
川満寿史,11月
川村卓也,4月
河村美幸,10月
河村勇輝,5月
川村李沙,2月
菅裕一,9月
寒竹隼人,8月
菅野恭子,4月
菅野翔太,1月
菊地祥平,8月
菊池宏之,12月
菊地勇樹,8月
岸本行央,8月
岸本隆一,5月
北卓也,5月
喜多誠,2月
北川佳穂,9月
喜多川修平,10月
北川智奈美,1月
北原憲彦,12月
北向由樹,4月
北村豪希,5月
鬼頭真由美,11月
木下勲,4月
木下博之,2月
木林稚栄,12月
君塚大輔,1月
君山舞夕奈,4月
木村恵里子,3月
木村洋人,4月
木村実,2月
千里馬啓徳,10月
金城茂之,11月
日下光,10月
日下部知恵,11月
草彅結,3月
楠田香穂里,5月
久手堅笑美,8月
久保田久美,10月
窪田夕子,12月
久保田遼,12月
熊谷宜之,12月
熊谷渡,5月
熊谷尚也,11月
倉石平,4月
栗野譲,7月
栗林未和,8月
栗原貴宏,11月
栗原祐太,8月
栗原三佳,5月
黒岩元希,6月
黒田祐,4月
桑田健秀,1月
桑原義典,11月
小池真理子,7月
小泉遥,6月
小磯典子,1月
河野誠司,8月
古賀京子,12月
小久保眞,11月
小島佑太,10月
小菅直人,3月
小菅由香,12月
小玉晃,3月
後藤彩,4月
後藤敏博,9月
後藤正規,10月
小納真樹,9月
小納真良,9月
小浜元孝,10月
小林阿古,5月
小林彩,9月
小林慎太郎,6月
小林大祐,6月
小林高晃,3月
小林優子,2月
小松さやか,11月
小松秀平,6月
小宮邦夫,1月
薦田拓也,7月
呉屋貴教,8月
今美春,2月
近藤楓,10月
近藤紗奈,5月
根東裕隆,6月
近藤雄治,4月
今野翔太,3月
紺野麻里,5月
斉藤恵一,11月
斉藤勝一,12月
齋藤崇人,5月
斉藤資,5月
斎藤智美,2月
斎藤博,9月
斎藤文夫,8月
齋藤豊,6月
齊藤洋介,5月
西塔佳郎,6月
西堂雅彦,8月
坂井和史,10月
酒井泰滋,8月
榊原紀子,8月
左官磨育,4月
佐久本智,4月
桜井良太,3月
桜木ジェイアール,10月
櫻木千華,6月
櫻田佳恵,6月
桜庭珠美,12月
佐々木クリス,12月
佐々木瑛,5月
佐竹美佐子,1月
目由紀宏,8月
佐藤梓,12月
佐藤朱華,3月
佐藤公威,4月
佐藤賢次,12月
佐藤詩織,3月
佐藤真哉,4月
佐藤濯,4月
佐藤託矢,8月
佐藤稔浩,1月
佐藤奈々美,8月
佐藤信長,7月
佐藤博紀,1月
佐藤浩貴,12月
佐藤ひとみ,9月
佐藤優樹,5月
佐野吉宗,4月
澤口誠,12月
澤地サミュエル・ジュニア,1月
椎名雄大,2月
シェーファーアヴィ幸樹,1月
塩屋清文,7月
塩屋透,1月
志賀政司,1月
重永和樹,11月
宍戸治一,12月
篠崎澪,9月
篠原隆史,7月
篠原恵,9月
篠山竜青,7月
柴田ひとみ,3月
島田智佐子,2月
嶋田基志,5月
島袋脩,6月
清水愛咲美,12月
清水耕介,5月
清水茂人,1月
清水太志郎,8月
清水八重子,1月
清水良規,12月
志村雄彦,2月
下地一明,12月
ジュフ磨々道,8月
庄司和広,4月
庄司顕人,2月
東海林周太郎,11月
正中岳城,9月
城宝匡史,4月
白田敏人,5月
城間修平,1月
新里智将,9月
下山大地,8月
下山貴裕,2月
末廣潤,5月
末松勇人,7月
菅澤紀行,2月
菅谷徹,6月
菅原洋介,9月
杉田愛友香,11月
杉田勝彦,5月
杉山武雄,5月
杉山直也,12月
杉山りえ,5月
鈴木あゆみ,10月
鈴木成津子,7月
鈴木克彦,5月
鈴木貴美一,9月
鈴木浩平,7月
鈴木鉄夫,3月
鈴木一実,9月
鈴木正晃,2月
鈴木裕紀,5月
鈴木豊,5月
須田都古,3月
炭田久美子,3月
諏訪裕美,12月
諏訪真希子,5月
関口聡史,4月
関根麻衣子,11月
瀬崎理奈,3月
節政貴弘,5月
瀬戸山京介,7月
宗田研二,2月
杣友厚,6月
園田奈緒,12月
高岡大輔,10月
髙木美恵,2月
高久順,5月
髙崎ひとみ,7月
高島一貴,2月
高田汐織,9月
高田秀一,10月
高田紘久,11月
高田真希,8月
高田真里子,5月
高辻周孝,9月
高野慶治,12月
高橋香澄,6月
高橋憲一,12月
高橋尚毅,4月
高橋マイケル,9月
高橋昌史,5月
高橋礼華,4月
高原純平,7月
髙村成寿,8月
瀧井亜里沙,6月
澤岻直人,10月
澤岻安史,10月
田口成浩,3月
宅見雅幸,6月
武井修志,12月
竹内公輔,1月
竹内譲次,1月
竹内高美,8月
竹田謙,10月
竹田智史,5月
竹野明倫,11月
竹原太一,1月
竹山とよ子,12月
多嶋朝飛,10月
田代拓也,8月
田代知世,8月
立川真紗美,11月
橘佳宏,5月
館山健太,12月
田中健,7月
田中健介,6月
田中こずえ,8月
田中沙季,9月
田中大貴,9月
田中千尋,1月
田中輝明,7月
田中友美,8月
田中範昌,5月
田中真樹,5月
田中悠太,2月
田中優里,9月
田中利佳,9月
田名部淳一,4月
田邉広子,10月
谷口二千華,1月
谷口正朋,2月
谷村里佳,7月
種市幸祐,12月
田臥勇太,10月
田渕明日香,12月
玉井里英,5月
玉城昌子,6月
田村大輔,1月
田村未来,5月
田渡修人,1月
田渡敏信,4月
アキ・チェンバース,9月
近平奈緒子,11月
近森裕佳,6月
千種信雄,10月
千々岩利幸,10月
千葉慎也,9月
知花武彦,11月
長南真由美,2月
陳海沫,2月
塚野理沙,11月
塚原優子,8月
塚本清彦,2月
月野雅人,12月
辻内伸也,3月
辻直人,9月
土嶺雄一,8月
堤啓士朗,7月
津野彩華,2月
角田勝次,9月
津村ゆり子,11月
鶴見彩,5月
出岐奏,4月
出口実,7月
テーブス海,9月
寺下太基,2月
寺園脩斗,6月
寺田弥生子,3月
天日謙作,10月
土井幸恵,5月
渡嘉敷来夢,6月
徳永林太郎,12月
俊野達彦,1月
冨崎里奈,3月
富田卓弥,10月
富永啓之,10月
友利健哉,8月
外山英明,3月
苗田未来,9月
永井菜摘,7月
永石春奈,4月
中尾綾,4月
長尾強司,7月
長岡萌映子,12月
中川明子,9月
中川聴乃,4月
中川和之,6月
中川直之,6月
長澤晃一,8月
中園隆一郎,2月
永田晃司,7月
永田睦子,9月
中務敏宏,4月
仲西翔自,4月
中西恒彦,9月
中野（山口）里美,11月
仲野由真,10月
中畑恵里,9月
中濱達也,8月
中原雄,11月
仲摩純平,3月
仲摩匠平,10月
中村和雄,12月
中村邦彦,9月
中村彰久,1月
中村友也,2月
仲村直人,7月
中村優花,1月
中山明日実,10月
中山樹,2月
中山（森井）智恵,6月
永山誠,12月
永吉佑也,7月
名木洋子,5月
生井けい子,12月
並里祐,6月
並里成,8月
納谷幸二,8月
奈良節雄,12月
奈良岡幾子,5月
成井千夏,6月
鳴海亮,5月
新原茜,4月
西岡里紗,3月
西垣仁貴,6月
西川貴之,1月
西村文男,9月
二関ひとみ,9月
丹羽裕美,5月
沼田宏文,8月
根来新之助,8月
根間洋一,5月
根本葉瑠乃,4月
野上淳史,10月
野口大介,5月
野尻晴一,1月
野田裕子,11月
野々口航太,2月
信平和也,12月
信平優希,4月
登坂哲朗,2月
河恩珠,9月
梅勝夫,11月
羽賀篤史,4月
萩原美樹子,4月
橋詰まり,3月
橋本和子,8月
橋本きみ子,2月
橋本晃佑,5月
橋本拓哉,12月
橋本伸広,10月
橋本竜馬,5月
長谷川聖,11月
長谷川武,8月
長谷川智伸,11月
長谷川知代,6月
長谷川誠,4月
畑千晶,1月
畑有希,7月
波多野和也,4月
八村塁,11月
服部直子,5月
服部信雄,7月
服部梨絵,12月
花田有衣,6月
馬場雄大,11月
濱口京子,8月
浜口秀樹,1月
濱田卓実,1月
早川大史,11月
林五十美,9月
林咲希,3月
林眞未,10月
林田明佳,1月
林田和代,12月
原一希,9月
原口真英,6月
原修太,12月
原田（古海）五月,5月
原田裕花,6月
張本天傑,1月
半田圭史,7月
坂東玲央,4月
比江島慎,8月
比嘉靖,9月
東勝彦,10月
東野智弥,9月
曳野康久,11月
樋口大倫,8月
久山智志,7月
平井崇士,5月
平尾充庸,4月
平岡富士貴,4月
平田紘美,8月
平手美樹,11月
平山輝武,3月
比留木謙司,7月
広瀬健太,7月
広瀬大志,7月
廣瀬昌也,5月
ショーン・ヒンクリー,4月
深野羅定咲,6月
福井美恵子,12月
福士佳恵,6月
福島雅人,9月
福田真生,7月
福田幹也,6月
藤井香苗,7月
藤井美紀,8月
藤井祐眞,12月
藤生喜代美,5月
藤江精二,6月
藤江建典,5月
藤岡恵美衣,11月
藤岡麻菜美,2月
藤田弘輝,4月
藤田将弘,7月
藤田学,3月
藤野素宏,1月
藤本浩太郎,4月
藤本裕,12月
藤吉佐緒里,4月
藤原有沙,9月
藤原隆充,7月
船引かおり,10月
船引まゆみ,10月
古川孝敏,10月
古田悟,8月
ベンドラメ礼生,11月
星希望,9月
細野真,9月
細谷将司,10月
堀田剛司,2月
堀川竜一,6月
堀部涼子,8月
北郷謙二郎,7月
本田雅衣,7月
本多純平,12月
本多真実,5月
本間京子,7月
本間大輔,6月
本間愛美,6月
馬瓜ステファニー,11月
前田優香,9月
前田有香,12月
前田陽介,7月
前村雄大,7月
牧ダレン聡,8月
増岡加奈子,12月
増田（木内）貴史,8月
増野彩香,9月
益山遼太郎,8月
町田洋介,4月
町田瑠唯,3月
松井啓十郎,10月
松井聰,3月
松尾香奈,10月
松岡美保,7月
エリック・マッカーサー,8月
松澤希美,6月
松島ウォルターブラウン,10月
松島有梨江,9月
松田大地,10月
松藤光生,4月
松本克也,5月
松本咲,1月
松山晃士,5月
松山ゆかり,7月
眞鍋かおり,3月
間橋健生,4月
丸岡茂樹,1月
丸山健治,4月
丸山美樹,1月
三浦歩惟,7月
参河紀久子,4月
三木聖美,8月
三木力雄,7月
三澤貴弘,5月
水島沙紀,4月
水町亮介,9月
三谷藍,8月
御手洗貴暁,4月
満原優樹,12月
水戸健史,4月
三友康平,3月
湊谷安玲久司朱,8月
南山真,3月
三根由香理,7月
宮城信吾,5月
三宅学,2月
宮崎早織,8月
宮澤夕貴,6月
宮下希保,10月
宮田諭,1月
宮田幸典,8月
宮永雄太,8月
宮ノ腰達也,4月
宮本真司,6月
宮本輝子,5月
宮元美智子,4月
三好南穂,12月
武藤さや香,12月
棟方公寿,1月
村上和之,7月
村上睦子,10月
村上慎也,3月
村上直,12月
村上大,12月
村山翠,7月
本川紗奈生,4月
元山夏菜,8月
森ムチャ,11月
森哲,5月
森川悦子,5月
森澤みゆき,10月
森下雄一郎,6月
森本由樹,11月
諸山文彦,8月
矢代直美,12月
安田壮史,8月
保岡龍斗,4月
安間志織,7月
梁川禎浩,4月
柳本聡子,6月
矢野優子,9月
矢野良子,12月
矢農友里恵,10月
八幡圭祐,2月
八幡幸助,5月
籔内幸樹,8月
薮内敏美,11月
薮内夏美,7月
山内盛久,3月
山岡五月,12月
山口健太郎,9月
山口祐希,11月
山崎昭史,6月
山崎哲男,6月
山下泰弘,5月
山下雄樹,8月
山城拓馬,7月
山城吉超,9月
山田愛,7月
山田かがり,6月
山田久美子,2月
山田謙治,7月
山田大治,6月
山田哲也,12月
山田茉美,4月
山田未来,9月
大和谷智子,3月
山根謙二,10月
山本エドワード,12月
山本久美,3月
山本浩二,7月
山本幸代,8月
山本千夏,8月
山本吉昭,12月
結城昭二,8月
祐木毅,7月
遥天翼,10月
横江豊,4月
横尾達泰,2月
横山邦彦,3月
横山悠衣,11月
吉川峰夫,10月
吉田亜沙美,10月
吉田恵美,9月
吉田沙織,7月
吉田平,5月
吉田千沙,9月
吉田舞,4月
吉田正彦,4月
吉村隆宏,6月
吉本泰輔,5月
慶山真弓,7月
与那嶺翼,5月
米澤翼,1月
米本聡,12月
陸川章,3月
陸田美沙子,6月
劉生琢行,7月
ワイス団,2月
若林薫,8月
脇将典,4月
脇田代喜美,11月
渡邉温子,8月
渡邉亜弥,8月
渡邊翔太,6月
渡邉拓馬,10月
渡邉裕規,3月
渡部真代,4月
渡部美代子,12月
渡邊雄太,10月
渡辺由夏,5月
渡邊夕貴,1月
渡邉由穂,7月
綿貫瞬,11月
