阿井達也,4月
相川進也,7月
愛甲光,12月
相澤貴志,1月
相原央,7月
相原豊 (サッカー選手),6月
阿江孝一,4月
青井健,8月
青木孝太,4月
青木翔大,8月
青木拓矢,9月
青木剛,9月
青木要三,4月
青木良太 (サッカー選手),8月
青嶋文明,7月
青田翔,11月
青野慎也,10月
青野大介,9月
青葉幸洋,7月
青柳雅信,9月
青山隼,1月
青山俊輔,7月
青山敏弘,2月
青山直晃,7月
赤井秀一,9月
赤井秀行,5月
赤池保幸,5月
赤尾公,2月
赤崎秀平,9月
赤司大輔,4月
赤羽邦彦,8月
赤星貴文,2月
赤星拓,4月
赤嶺真吾,12月
安藝正俊,7月
秋田英義,7月
秋田政輝,9月
秋田豊,8月
秋野央樹,10月
秋葉忠宏,10月
秋葉信秀,4月
秋葉勝,2月
秋葉勇志,10月
秋葉陽一,11月
秋葉竜児,6月
秋満勝二,5月
秋元崇,1月
秋元雅博,4月
秋本倫孝,9月
秋元陽太,7月
秋山大地,7月
秋吉泰佑,4月
秋好大知,2月
阿岸勝,9月
阿久澤剛,12月
阿久津貴志,9月
浅井俊光,4月
浅岡朝泰,4月
浅川智,3月
浅田大樹,4月
安里晃一,11月
安里光司,10月
浅沼達也,7月
浅野薫 (サッカー選手),5月
浅野大地,5月
浅野拓磨,11月
浅野哲也,2月
浅野裕史,12月
朝日大輔,7月
朝比奈伸,8月
朝比奈祐作,5月
浅見和正,5月
浅見俊雄,10月
浅利悟,6月
足利道夫,5月
芦川昌彦,9月
足助翔,10月
東純一郎,5月
東崇史,11月
東広樹,4月
東浩史,5月
東泰,9月
麻生耕平,1月
麻生瞬,4月
麻生浩志,4月
足立修,8月
安達貞至,4月
足立高俊,5月
足達勇輔,12月
安達亮,7月
足立原健二,11月
熱田眞,9月
安彦考真,2月
阿部一樹,4月
阿部謙作,5月
阿部嵩,6月
阿部翔平,12月
阿部拓馬,12月
阿部巧,5月
阿部巧也,9月
阿部琢久哉,11月
阿部哲也,6月
阿部敏之,8月
阿部直人,10月
阿部伸行,4月
阿部博一,10月
安部裕之,7月
阿部浩之,7月
阿部文一朗,4月
阿部勇樹,9月
安部雄二郎,4月
安部雄大,7月
阿部祐大朗,10月
阿部陽輔,5月
阿部良則,9月
阿部吉朗,7月
阿部竜太,9月
天野恒太,6月
天野将平,4月
雨野裕介,4月
天野貴史,4月
天羽良輔,9月
荒井公三,10月
荒井忍,10月
新井純平 (1994年生のサッカー選手),11月
新井章太,11月
新井翔太,4月
新井純平 (1989年生のサッカー選手),7月
荒井太輔,11月
荒維大地,8月
新居辰基,12月
新井辰也,1月
新井直人,10月
新井涼平,11月
新井健二,5月
新井場徹,7月
荒川大督,4月
荒木大吾,2月
荒木亮次,5月
新崎直哉,3月
荒田智之,10月
荒谷弘樹,8月
荒野拓馬,4月
荒堀謙次,7月
有薗真吾,12月
有田一矢,4月
有田光希,9月
有田光成,9月
有永一生,3月
有馬賢二,11月
有馬洪,8月
有光亮太,4月
有村光史,8月
阿波加俊太,2月
阿渡真也,6月
安在和樹,8月
安藤淳,10月
安藤駿介,8月
安藤淳也,11月
安東利典,11月
安藤智安,5月
安藤由翔,8月
安藤永倫,11月
安藤寛明,6月
安藤正俊,2月
安藤正裕,4月
安間貴義,5月
安間ム月,1月
飯尾一慶,2月
飯尾和也,4月
飯尾竜太朗,1月
飯川裕太,7月
飯倉大樹,6月
伊池翔吾,3月
飯島寿久,1月
飯島慎,6月
飯田正吾,4月
飯田健巳,7月
飯田真輝,9月
飯田涼,11月
飯田優二,7月
飯塚亮,2月
飯塚渉,7月
飯室綾太,9月
家木大輔,4月
家長昭博,6月
伊賀貴一,9月
五十嵐和也,10月
猪狩佑貴,4月
井川祐輔,10月
生津将司,5月
生口明宏,7月
池内豊 (サッカー選手),8月
池内友彦,11月
池上寿之,4月
池上礼一,7月
池島信平,12月
池田英,11月
池田圭 (サッカー選手),10月
池田司信,1月
池田達哉,5月
池田伸康,5月
池田太,10月
池田昌広,10月
池田学,7月
池田光忠,6月
池田雄大,9月
池田学徳,2月
池田洋二,10月
池ノ上俊一,2月
池ノ谷晋里,8月
池端陽介,6月
池松秀明,1月
池元友樹,3月
池谷友良,6月
生駒友彦,8月
井坂進一,3月
井澤惇,7月
伊澤篤,10月
石井謙伍,4月
石井健太 (サッカー選手),12月
石井茂巳,7月
石井壮二郎,3月
石井俊也,1月
石井知幸,2月
石井肇,5月
石井秀典,9月
石井正忠,2月
石井雅之,6月
石井雄真,8月
石井豊,6月
石井豪,8月
石井義信,3月
石垣勝矢,8月
石神幸征,1月
石神直哉,3月
石神良訓,11月
石亀晃,5月
石川慧,9月
石川研,2月
石川健太郎,2月
石川康,3月
石川翔二,9月
石川大,1月
石川高大,12月
石川扶,7月
石川竜也,12月
石川直樹 (サッカー選手),9月
石川直人,11月
石川直宏,5月
石川大徳,1月
石川裕之,1月
石川雅博,5月
石川貢 (サッカー選手),5月
石川雄一朗,7月
鶴崎智貴,9月
石川裕起,12月
石川裕司,7月
石川龍太,2月
石黒智久,4月
石毛秀樹,9月
石崎信弘,3月
石崎雄樹,1月
石沢泰羅,11月
石澤典明,5月
石末龍治,7月
石田英之,4月
石田裕彦,11月
石田博行,8月
石田裕之,12月
石田雅人,7月
石田祐樹,11月
石田良輔,7月
石舘靖樹,9月
石谷吾一,7月
石津大介,1月
石塚啓次,8月
石堂和人,4月
石堂俊介,6月
石野秀多,10月
石野竜二,6月
石橋直希,5月
石原克哉,10月
石原慎也,5月
石原大助,12月
石原崇兆,11月
石原卓,10月
石原直樹,8月
石櫃洋祐,7月
石丸清隆,10月
泉谷光紀,6月
和泉新,7月
和泉茂徳,6月
泉政伸,4月
泉澤仁,12月
伊勢隆司,4月
礒貝洋光,4月
磯崎敬太,11月
礒田由和,5月
磯部和彦,7月
磯村亮太,3月
磯山和司,1月
井田健太郎,11月
井田勝通,3月
板橋裕也,7月
市川恵多,10月
市川大祐,5月
市川友也 (サッカー選手),12月
市川雅彦,9月
市川祐樹,8月
市川裕太,6月
一木太郎,9月
市橋時蔵,6月
市原大嗣,4月
市原充喜,1月
市村篤司,11月
市村瞬,10月
一柳夢吾,4月
一柳穣,11月
井筒和之,8月
井手健太郎,6月
井出遥也,3月
井手口純,5月
井手口正昭,8月
伊藤彰 (サッカー選手),9月
伊藤淳嗣,9月
伊藤和基,8月
伊藤和磨,7月
伊藤和也 (サッカー選手),11月
伊藤健一 (サッカー選手),12月
伊東俊,10月
伊藤翔,7月
伊藤伸一 (サッカー選手),1月
伊藤卓 (サッカー選手),9月
伊藤大介,4月
伊藤拓真,8月
伊藤卓也,4月
伊藤卓弥,12月
伊藤琢矢,6月
伊藤健史,9月
伊藤壇,11月
伊藤哲也,10月
伊東輝悦,8月
伊藤友彦,5月
伊藤直司,7月
伊藤宏樹,7月
伊藤博幹,12月
伊藤雅範,4月
伊藤将大,11月
伊藤勇士,8月
伊藤裕二,5月
伊藤佑介 (サッカー選手),6月
伊藤優汰,9月
伊東幸敏,9月
伊藤優津樹,4月
伊藤竜司,7月
伊藤龍 (サッカー選手),6月
糸数昌太,11月
稲垣和弥,12月
稲垣順,12月
稲垣博行,4月
稲田康志,6月
稲葉久人,5月
稲葉将,5月
稲葉基輝,10月
井波靖奈,6月
稲本潤一,9月
稲森克尚,3月
稲若健志,12月
乾大知,12月
乾貴士,6月
乾貴哉,5月
乾達朗,1月
犬飼智也,5月
犬飼基昭,7月
犬塚友輔,12月
井野正行,4月
井上敦史,5月
井上和馬,1月
井上恭平,8月
井上圭佑,8月
井上健 (サッカー選手),9月
井上公平,10月
井上翔太,4月
井上平,4月
井上孝浩,8月
井上秀人,6月
井上裕文,4月
井上雄幾,10月
井上裕大,5月
井上亮太,4月
井上渉,8月
伊野波雅彦,8月
井畑翔太郎,2月
井幡博康,6月
井林章,9月
井原正巳,9月
井原康秀,3月
指宿洋史,2月
今井敬三,11月
今井昌太,7月
今井大悟,2月
今井敏明,12月
今井智基,11月
今井雅貴,6月
今井雅隆,4月
今井祐介,7月
今川正浩,10月
今西和男,1月
今村博治,4月
今村義朗,3月
今矢直城,6月
入江徹,7月
入江利和,11月
入船和真,11月
岩井厚裕,1月
岩尾憲,4月
岩上祐三,7月
岩切ケン,12月
岩倉一弥,4月
岩崎晃也,4月
岩崎泰之,4月
岩崎陽平,3月
岩澤徹,6月
岩下敬輔,9月
岩瀬健,7月
岩田啓佑,10月
岩田正太,6月
岩田大樹,10月
岩田卓也,4月
岩田尚記,3月
岩舘直,8月
岩舘侑哉,5月
岩谷俊夫,10月
岩永雄太,7月
岩波拓也,6月
岩沼俊介,6月
岩淵功,11月
岩渕智映,7月
岩渕弘幹,7月
岩渕良太,4月
岩間友次,3月
岩間雄大,2月
岩政大樹,1月
岩丸史也,12月
岩村貴久,5月
岩本輝雄,5月
岩元洋成,6月
岩本文昭,4月
岩本昌樹 (サッカー選手),10月
岩元美宇,7月
岩山寛人,5月
ヴィンセント・ケイン,10月
上赤坂佳孝,5月
植木繁晴,9月
植草裕樹,7月
上里一将,3月
上里琢文,4月
上杉哲平,11月
上田栄治,12月
上田康太,5月
上田滋夢,11月
上田晋也 (サッカー選手),6月
上田隆央,6月
上田忠彦,8月
上田常幸,7月
植田直通,10月
上田実,6月
植田元輝,5月
植田龍仁朗,1月
上田陵弥,5月
上谷暢宏,5月
上野拓也,1月
上野哲也 (サッカー選手),4月
上野展裕,8月
上野秀章,5月
上野優作,11月
上野良治,4月
上野山信行,5月
上原エドウィン,7月
上原慎也,9月
上原力也,8月
植松俊行,8月
植村慶,9月
上村健一,4月
植村修一,12月
上村崇士,12月
上本大海,6月
鵜飼建吾,8月
鵜飼宏長,6月
宇賀神友弥,3月
浮氣哲郎,10月
右近徳太郎,9月
宇佐美潤,5月
宇佐美貴史,5月
宇佐美宏和,6月
宇治拓郎,5月
氏家貴士,5月
氏家英行,2月
牛之濱拓,7月
牛鼻健,9月
氏原良二,5月
碓井健平,5月
臼井幸平,7月
臼井仁志,11月
碓井博行,8月
内薗大貴,4月
内田篤人,3月
内田一平,5月
内田一夫,4月
内田和志,10月
内田謙一郎,4月
内田健太,10月
内田昂輔,10月
内田航平,5月
内田潤,10月
内田宝寿,1月
内田達也,2月
内田利広,8月
内田智也,7月
内田大貴,12月
内田裕斗,4月
内田錬平,4月
内野貴志,2月
内野正雄,4月
内林広高,6月
内間安路,9月
内村淳,8月
内村圭宏,8月
内山篤,6月
内山俊彦,10月
内山俊彦 (1989年生のサッカー選手),4月
内山勝,4月
宇野秀徳,6月
宇野勇気,10月
宇野沢祐次,5月
祖母井秀隆,9月
生方育大,11月
梅井大輝,10月
梅崎司,2月
梅田高志,5月
梅田直哉,4月
梅鉢貴秀,6月
梅山修,8月
浦上壮史,2月
浦島貴大,5月
浦島光雄,1月
浦田樹,1月
浦田和宏,12月
浦田延尚,9月
浦田尚希,6月
卜部太郎,7月
浦本雅志,10月
宇留野純,10月
海野剛,12月
永露大輔,8月
江川重光,1月
江口倫司,4月
江後賢一,6月
江崎一仁,10月
柄澤祐樹,12月
江尻篤彦,7月
エスクデロ・セルヒオ,9月
江角浩司,12月
江添建次郎,8月
枝村匠馬,11月
枝本雄一郎,8月
越後和男,12月
越後雄太,4月
悦田嘉彦,4月
衛藤裕,10月
榎本周平,11月
榎本達也,3月
榎本哲也,5月
榎本潤,5月
海老澤宏樹,3月
蛯沢匠吾,7月
江本城幸,4月
エルサムニー・アリー,11月
エルサムニー・オサマ,9月
遠藤彰弘,9月
遠藤敬佑,3月
遠藤大志,3月
遠藤孝弘,7月
遠藤真仁,5月
遠藤雅大,8月
遠藤康,4月
遠藤保仁,1月
遠藤航,2月
及川準,5月
尾泉大樹,6月
種田孝一,4月
扇原貴宏,10月
網田慎,4月
近江孝行,10月
近江友介,12月
大井健太郎,5月
大井成元 (サッカー),3月
大井逸都,8月
大井啓世,9月
大石明日希,12月
大石倭生,5月
大石隆夫,5月
大石尚哉,7月
大石治寿,9月
大石鉄也,11月
大石信幸,9月
大石玲,7月
大岩一貴,8月
大岩剛,6月
大江勇詞,4月
大榎克己,4月
大神友明,6月
大河原弘樹,10月
大河原亮,10月
大木勉,2月
大木武,7月
大串良秀,12月
大久保賢,5月
大久保剛志,6月
大久保悟 (サッカー選手),11月
大久保翔,4月
大久保貴広,4月
大久保択生,9月
大久保毅,7月
大久保哲哉,3月
大久保誠,5月
大久保将人,4月
大久保裕樹,4月
大久保嘉人,6月
大熊清,6月
大熊裕司,1月
大倉智,5月
大黒将志,5月
大河内英樹,8月
大越崇司,5月
大崎淳矢,4月
大崎常喜,5月
大迫希,11月
大迫勇也,5月
大澤一俊,6月
大沢朋也,10月
大澤雄樹,4月
大柴克友,5月
大柴健二,11月
大島嵩弘,4月
大島翼,12月
大島治男,5月
大島秀夫,3月
大島康明,9月
大島僚太,1月
大杉誠人,2月
大豆寄勝正,8月
大瀬良直人,4月
太田岳志,12月
太田圭祐,7月
太田圭輔,7月
太田恵介,4月
太田敬人,5月
太田弦貴,4月
太田浩二,9月
太田宏介,7月
太田康介,10月
太田貴光,7月
太田徹郎,7月
太田裕和,4月
太田雅之,6月
太田吉彰,6月
大瀧直也,6月
大瀧義史,5月
大嶽直人,10月
大嶽真人,8月
大竹洋平,5月
大竹隆人,6月
大谷圭志,4月
大谷幸輝,4月
大谷四郎,4月
大谷武大,12月
大谷哲也,6月
大谷秀和,11月
大谷昌司,4月
大谷一二,8月
大多和卓,5月
大津祐樹,3月
大塚和征,7月
大塚翔太,5月
大塚翔平,4月
大塚真司,12月
大塚智之,2月
大塚雅彦 (サッカー選手),7月
大塚靖治,9月
大槻周平,5月
大槻毅,12月
大槻紘士,4月
大槻優平,5月
大坪博和,12月
大友慧,10月
大西孝治,6月
大西康平,10月
大西勝吾,7月
大西貴,10月
大西忠生,4月
大西容平,10月
大野俊三 (サッカー選手),3月
大野毅,11月
大野寿久,8月
大野敏隆,5月
大埜正雄,3月
大野貴史,5月
大野哲煥,10月
大場啓,4月
大場健史,8月
大橋謙三,4月
大橋直矢,7月
大橋正博,6月
大橋基史,6月
大橋良隆,7月
大畑隼哉,4月
大畑拓也,5月
大原卓丈,12月
大渕龍介,10月
大前元紀,12月
大前博行,3月
大町将梧,5月
大豆生田詔平,11月
大道広幸,6月
大南拓磨,12月
大村和市郎,1月
大本忠輝,4月
大森健作,11月
大森晃太郎,4月
大森誠二,3月
大森啓生,7月
大森征之,11月
大屋翼,8月
大山恭平,5月
大山俊輔,4月
大山直大,4月
大脇辰也,10月
大和田真史,7月
岡大生,4月
岡正道,7月
岡卓磨,9月
岡崎和也 (サッカー選手),7月
岡崎建哉,5月
岡崎慎司,4月
岡澤和彦,6月
小笠原満男,4月
小笠原侑生,4月
岡島清延,6月
岡島俊樹,3月
岡田翔平,4月
岡田大 (サッカー選手),1月
岡田武史,8月
岡田武瑠,8月
緒方光彦,3月
岡田佑樹,10月
岡田祐政,5月
岡田吉夫,8月
岡田隆,4月
岡田亮太,9月
岡谷良,1月
岡田明久,9月
岡中勇人,9月
岡西宏祐,7月
岡根直哉,4月
岡野洵,12月
岡野俊一郎,8月
岡野雅行 (サッカー選手),7月
岡野良定,9月
岡部拓人,10月
岡村和哉,12月
岡村政幸,5月
岡村宜城,3月
岡本淳一,6月
岡本拓也,6月
岡本剛史,5月
岡本武行,12月
岡本達也,9月
岡元勇人,10月
岡本久敬,12月
岡本秀雄,12月
岡本英也,5月
岡本昌弘,5月
岡本賢明,4月
岡本勇輝,6月
岡本隆吾,12月
岡本竜之介,10月
岡本知剛,6月
岡山一成,4月
岡山哲也,8月
小川慶治朗,7月
小川航基,8月
小川誠一,7月
小川大貴,10月
小川大介,4月
小川巧,4月
小川直毅,7月
小川久範,5月
小川裕史,11月
小川雅己,4月
小川雄司,7月
小川佳純,8月
小城得達,12月
荻晃太,5月
興津大三,6月
荻野賢次郎,9月
沖野隆幸,4月
沖野等,3月
沖宗敏彦,9月
沖本尚之,6月
荻原健太,8月
奥大介,2月
奥井諒,3月
奥田大二郎,4月
奥田達朗,9月
奥寺康彦,3月
奥友敏朗,8月
奥野誠一郎,7月
奥埜博亮,8月
奥野僚右,11月
奥原崇,7月
屋宮大地,11月
奥山卓廊,10月
奥山達之,1月
奥山武宰士,5月
奥山泰裕,11月
小倉一浩,5月
小椋祥平,9月
小倉裕介,7月
小倉隆史,7月
小栗巧,6月
桶田龍,5月
尾後貫淳,7月
尾崎瑛一郎,12月
尾崎勇史,3月
尾崎雄二,9月
長田道泰,3月
小山内貴哉,6月
小澤慶二郎,5月
小澤修一,8月
小澤巧,5月
小澤司,5月
小澤光,3月
小澤英明,3月
小沢通宏,12月
小澤雄希,10月
押谷祐樹,9月
小田切道治,9月
小田島隆幸,9月
越智隼人,7月
越智亮介,4月
落合徳太,9月
落合弘,2月
落合正幸 (サッカー選手),7月
オナイウ阿道,11月
鬼木達,4月
鬼武健二,9月
小野敦生 (サッカー選手),5月
小野信義,4月
小野伸二,9月
小野貴裕,6月
小野隆儀,4月
小野卓爾,7月
小野智吉,8月
小野博信,7月
小野真国,12月
小野正朋,6月
小野裕二,12月
小野祐輔,2月
小野雄平,7月
尾上勇也,4月
小野瀬康介,4月
小野寺達也,8月
小幡純平,12月
小畑実 (サッカー選手),6月
小花浩司,12月
小原一展,3月
小原秀男,12月
小原光城,8月
小原謙吾,5月
小幡正,5月
尾亦弘友希,9月
小見幸隆,12月
小村徳男,9月
尾本敬,7月
織田秀和,4月
折見健治,7月
甲斐公博,5月
甲斐敬介,9月
甲斐修侍,3月
海本慶治,11月
海本幸治郎,10月
嘉悦秀明,10月
加賀健一,9月
加賀見健介,11月
加賀美翔,4月
加々美太一,4月
香川真司,3月
香川大樹,7月
賀川太郎,8月
賀川浩,12月
柿内直素,6月
垣内友二,8月
柿谷曜一朗,1月
柿本健太,10月
柿本倫明,10月
角田誠,7月
掛川誠,5月
掛谷悠,6月
景山健司,4月
影山貴志,5月
影山雅永,5月
影山由高,3月
栫大嗣,7月
笠井健太,12月
笠川永太,10月
笠木新,6月
笠原恵太,6月
笠原宗太,5月
笠原昂史,11月
風間宏希,6月
風間宏矢,4月
風間八宏,10月
笠松亮太,6月
加地亮,1月
梶川諒太,4月
梶野智,11月
梶野智幸,7月
柏原丈二,4月
梶山陽平,9月
柏好文,7月
柏木翔一,4月
柏木陽介,12月
柏瀬暁,6月
梶原公,6月
數馬正浩,6月
忰山翔,7月
片岡功二,6月
片岡洋介,5月
片桐淳至,8月
片根健児,7月
片野寛理,4月
片野坂知宏,4月
片渕浩一郎,4月
片山朗,7月
片山奨典,9月
片山直哉,12月
片山洋,5月
片山弘之,9月
片山真人,4月
勝野正之,1月
勝野洋平,11月
勝俣進,2月
勝又慶典,12月
勝見壮史,8月
勝矢寿延,9月
桂秀樹,3月
加藤健太,6月
加藤弘堅,4月
加藤恒平,6月
加藤淳也 (サッカー選手),8月
加藤慎也,9月
加藤大志,7月
加藤豪宏,7月
加藤毅 (サッカー選手),5月
加藤寿一 (1969年生),4月
加藤寿一 (1981年生),5月
加藤望,10月
加藤順大,12月
加藤信幸,1月
加藤久,4月
加藤秀典,5月
加藤韻,11月
加藤広樹,7月
加藤浩史,11月
加藤正明 (サッカー選手),12月
加藤正樹 (サッカー選手),8月
加藤大,5月
加藤光雄,1月
加藤元気,8月
加藤泰明,4月
加藤康弘,5月
加藤友介,2月
加藤好男,8月
加藤善之,7月
加藤竜二,12月
角島康介,8月
門田幸二,11月
金井洵樹,10月
金井貢史,2月
金井龍生,9月
金生谷仁,5月
金川幸司,7月
金久保勝仁,6月
金久保彩,1月
金久保順,7月
金崎夢生,2月
金沢浄,7月
金澤慎,9月
金澤崇文,4月
金澤大将,12月
金沢亮,10月
金園英学,9月
我那覇和樹,9月
金守貴紀,4月
金森健志,4月
金守智哉,4月
金山隼樹,6月
可児壮隆,4月
金井大樹,12月
金子恵,12月
金子翔太,5月
金子慎二,4月
金子進,5月
金子剛,4月
金子久,9月
金子央朋,4月
金子昌広,2月
金子勇樹,5月
金子豊,10月
兼田亜季重,2月
金田喜稔,2月
金光栄大,3月
兼本正光,10月
金本圭太,7月
狩野新,12月
狩野健太,5月
加納慎二郎,6月
加納孝,10月
狩野倫久,7月
鏑木豪,8月
鏑木享,4月
鏑木亮吾,3月
加部未蘭,6月
釜田佳吾,4月
鎌田祥平,5月
鎌田翔雅,6月
鎌田次郎,7月
鎌田光夫,12月
鎌田安啓,6月
釜本邦茂,4月
上久雄,6月
上川徹,6月
上條宏晃,4月
上園和明,11月
嘉味田隼,1月
上永吉英文,3月
上西涼,10月
上福元直人,11月
神丸洋一,6月
神村奨,3月
上村祐司,3月
神山竜一,11月
神谷恭平,4月
亀ヶ渕幹,11月
亀川諒史,5月
亀崎鮎太,9月
亀田明広,12月
加茂周,10月
加茂正五,12月
加茂健,2月
鴨川奨,2月
鴨志田誉,8月
蒲原達也,7月
蒲原直樹 (サッカー選手),9月
加門亮兵,9月
賀谷英司,2月
茅島史彦,4月
唐井直,6月
唐澤大夢,8月
辛島啓珠,6月
カレン・ロバート,6月
川井健太,6月
川井光一,3月
川合孝治,5月
河合崇泰,3月
河合雄介,5月
河井陽介,8月
河合竜二,7月
川勝博康,9月
川勝良一,4月
川上信夫,10月
川上典洋,4月
川北裕介,5月
川口晃,1月
河口真一,6月
川口卓哉,10月
川口剛史,2月
川口尚紀,5月
川口信男,4月
川口正人,6月
川口能活,8月
川崎健太郎,12月
川崎元気,2月
川崎陽介,1月
川里光太郎,6月
川地貴裕,12月
川島永嗣,3月
川島啓吾,10月
川島眞也,7月
川島大樹,12月
川島大地,11月
川島正士,3月
川嶋正之,7月
河住一仁,3月
川添孝一,7月
川田和宏,6月
河田晃兵,10月
川田修平,4月
河田友輔,5月
河内勝幸,4月
河内勇太,11月
川辺隆弥,12月
川鍋良祐,2月
川浪吾郎,4月
川西翔太,10月
川西武彦,10月
河野和正,11月
河野健一,9月
川野淳次,7月
河野将吾,9月
河野大星,6月
河野太郎 (サッカー選手),2月
河野広貴,3月
河野諒祐,12月
河端和哉,10月
河原和寿,1月
川原周剛,2月
河原忠明,6月
川原達也,12月
河原正治,5月
川淵三郎,12月
川淵勇祐,4月
川邊裕紀,4月
川辺駿,9月
川前力也,8月
川又堅碁,10月
川俣慎一郎,7月
川俣則幸,5月
川股要佑,12月
川村淳一,6月
河村孝,6月
河村崇大,10月
河村旬記,4月
河村優,12月
河本明人,5月
川本治,5月
川本泰三,1月
川元正英,6月
川本良二,9月
川勾邦明,4月
菅和範,11月
菅康介,5月
神崎大輔,2月
神崎亮佑,6月
神田勝夫,6月
神田文之,9月
神田夢実,9月
菅野将太,1月
菅野哲也,8月
菅野将晃,8月
上原洋史,9月
神戸清雄,8月
黄川田賢司,10月
菊岡拓朗,6月
菊川凱夫,9月
菊池完,5月
菊地光将,12月
菊池新吉,4月
菊池大介,4月
菊池利三,6月
菊池直喜,7月
菊地直哉,11月
菊原志郎,7月
木澤正徳,6月
貴志俊治,7月
紀氏隆秀,4月
岸奥裕二,4月
岸田和人,4月
岸田茂樹,6月
岸田翔平,4月
木下健生,10月
岸田裕樹,6月
岸野靖之,6月
木島敦,9月
木島徹也,8月
木島悠,5月
木島良輔,3月
岸本浩右,10月
北一真,12月
喜多健二,5月
喜田拓也,8月
北慎,5月
喜多靖,4月
北井太陽,7月
北井佑季,1月
北内耕成,4月
北川慶,1月
北川佳男,8月
北口晃,3月
北澤豪,8月
北嶋秀朗,5月
北島義生,10月
北爪健吾,4月
北出勉,9月
北出尚大,5月
木谷公亮,10月
北野翔,11月
北野貴之,10月
北野誠 (サッカー選手),7月
北原健二,5月
北原毅之,10月
北堀尚幸,8月
北村春吉,3月
北村隆二,3月
北本久仁衛,9月
北森陽介,4月
北脇健慈,9月
北脇里規,11月
吉瀬広志,7月
木寺浩一,4月
寄特直人,5月
喜名哲裕,12月
木野陽,8月
木内瑛,6月
喜熨斗勝史,10月
木下桂,9月
木下康介,10月
木下真吾,9月
木下高彰,6月
木下正貴,6月
木下淑晶,6月
木之本興三,1月
木場昌雄,9月
木原正和,4月
木藤健太,10月
木部未嵐,6月
金成汗,11月
金容植,7月
木村敦志,5月
木村現,7月
木村和司,5月
木村浩吉 (サッカー選手),7月
木村孝次,7月
木村光佑 (サッカー選手),5月
木村純哉,9月
木村勝太,8月
木村大輔,7月
木村孝洋,4月
木村卓也,8月
木村龍朗,6月
木村哲昌,1月
木村直樹,4月
木村文治,7月
木村誠 (サッカー選手),6月
木村允彦,10月
木村裕,6月
木村祐志,10月
木本敬介,8月
樹森大介,7月
喜山康平,2月
木山隆之,2月
行徳浩二,1月
京谷和幸,8月
清川浩行,6月
清雲栄純,9月
清武功暉,3月
清武弘嗣,11月
清原翔平,6月
清本拓己,6月
桐田英樹,6月
桐畑和繁,6月
桐原聡太郎,11月
キローラン木鈴,4月
キローラン菜入,4月
キローラン裕人,11月
金城クリストファー達樹,11月
釘崎康臣,5月
久木田紳吾,9月
久木野聡,4月
草木克洋,4月
草野修治,4月
櫛田一斗,1月
櫛野亮,3月
櫛引一紀,2月
櫛引政敏,1月
櫛引実,6月
櫛引祐輔,5月
鯨岡佑太,4月
楠神順平,8月
楠瀬章仁,12月
楠瀬直木,4月
楠美圭史,7月
久高友雄,3月
下松裕,9月
轡田隆史,3月
久藤清一,6月
工藤浩平,8月
工藤壮人,5月
工藤光輝,8月
工藤光俊,2月
工藤祐生,4月
工藤由夢,6月
国枝強,9月
國仲厚助,1月
國吉貴博,5月
久野純弥,8月
久野智昭,9月
久場光,4月
久場政朋,11月
久保篤史,4月
久保竜彦,6月
久保裕也 (サッカー選手),12月
久保田陽,4月
久保田勲,5月
久保田圭一,1月
久保田学,6月
窪田龍二,7月
久保山雅彦,12月
久保山由清,7月
久保裕一,9月
久保井伸明,6月
熊谷アンドリュー,6月
熊谷浩二,10月
熊谷智哉,3月
熊谷寛,10月
熊谷雅彦,11月
熊澤圭祐,6月
熊田圭佑,7月
熊田喜則,8月
熊野一樹,10月
熊林親吾,6月
熊元敬典,11月
久米一正,7月
公文裕明,10月
藏川洋平,8月
蔵田岬平,9月
藏田茂樹,6月
倉田秋,11月
倉田安治,2月
倉貫一毅,11月
倉又寿雄,12月
倉本崇史,8月
久利研人,10月
栗澤僚一,9月
栗田泰次郎,3月
栗原明洋,5月
栗原克志,7月
栗原圭介,5月
栗原祐樹,5月
栗原勇蔵,9月
栗本直,3月
栗山直樹,12月
栗山裕貴,9月
来栖由基,5月
黒河貴矢,4月
黒木恭平,7月
黒木晃平,7月
黒木聖仁,10月
黒崎久志,5月
黒田福太郎,2月
黒津勝,8月
黒部光昭,3月
桑田慎一朗,12月
桑田隆幸,6月
桑野智一,9月
桑原一太,8月
桑原勝義,5月
桑原隆,5月
桑原剛,5月
桑原弘之,6月
桑原裕義,10月
桑原楽之,12月
慶越雄二,9月
玄新哲,9月
源平貴久,10月
呉大陸,9月
小池純輝,12月
小池知己,11月
小池悠貴,4月
小池遼,9月
小石龍臣,8月
小泉慶治,5月
小泉訓,6月
小泉淳嗣,1月
小泉勇人,9月
小井手翔太,9月
小井土正亮,4月
幸田将和,9月
河野和久,12月
幸野志有人,5月
河野淳吾,7月
河野直人,9月
幸野屋敏行,8月
河本裕之,9月
幸山聡太,1月
興梠慎三,7月
古賀宗樹,9月
古賀一成 (サッカー選手),4月
古賀聡,2月
古賀誠史,8月
古賀琢磨,4月
古賀正人,5月
古賀正紘,9月
古賀通泰,7月
古賀隆一,4月
小門洋一,8月
御給匠,6月
小久保純,9月
國領一平,7月
小暮大器,5月
木暮郁哉,6月
小暮直樹,6月
苔口卓也,7月
苔口陽介,4月
小阪昭典,9月
小澤竜己,2月
越田剛史,10月
小柴翔太,5月
小島翔太,11月
小島直希,4月
小島伸幸,1月
小島宏美,12月
小島弘已,10月
小島光顕,7月
越水将一,6月
小島秀仁,1月
小杉敏之,6月
小杉光正,5月
小滝強,1月
小滝春男,4月
小滝勇一,2月
児玉新,10月
児玉剛,12月
児玉雄一,2月
東風淳,5月
小塚和季,8月
小手川宏基,9月
小寺一生,7月
小寺優輝,7月
後藤寛太,12月
後藤圭太,9月
後藤聡志,12月
後藤純二,8月
後藤崇介,6月
後藤太郎,12月
後藤裕司,8月
後藤優介,4月
後藤裕馬,12月
五藤幸範,9月
後藤義一,2月
後藤涼,8月
壽健志,6月
小長谷喜久男,7月
古西祥,7月
小畑穣,11月
小林幸一,5月
小林大海,5月
小林定人,1月
小林悟 (サッカー選手),8月
小林覚 (サッカー選手),5月
古林将太,5月
小林伸二,8月
小林慎二,10月
小林大悟,2月
小林崇法,8月
小林卓也,7月
小林健史,6月
小林忠生,7月
小林竜樹,5月
小林久晃 (1979年生のサッカー選手),6月
小林庸尚,4月
小林秀征,6月
小林弘記,5月
小林寛 (サッカー選手),3月
小林浩孝,7月
小林宏之 (サッカー選手),4月
小林史八,5月
小林成光,4月
小林稔 (サッカー選手),5月
小林康剛,6月
小林靖典,10月
小林悠 (サッカー選手),9月
小林祐希,4月
小林裕紀,10月
小林優希,10月
小林祐介 (サッカー選手),10月
小林祐三,11月
小林雄太,1月
小林陽介,5月
小林慶行,1月
小林亮,9月
小林亮太,6月
小原章吾,11月
小原拓也,4月
小原昇,7月
小針清允,6月
小林一貴,9月
小檜山譲,9月
駒井善成,6月
古前田充,4月
古俣健次,3月
小松晃,4月
小松憲太,1月
小松塁,8月
小松崎保,7月
小松原学,4月
駒野友一,7月
小湊隆延,12月
小峯隆幸,4月
小峯拓也,12月
込山和樹,12月
小宮山尊信,10月
小森田友明,7月
小柳達司,2月
小谷野顕治,6月
小山健二,9月
小山大樹,1月
小山泰志,4月
小山拓土,12月
五領淳樹,12月
近彰彦,9月
権田修一,3月
今田傑,4月
近藤岳登,2月
近藤健一,4月
今藤幸治,4月
近藤隆信,8月
近藤徹志,11月
近藤直也,10月
権東勇介,10月
近藤祐介,12月
近藤祐輔,8月
今野章,9月
今野泰幸,1月
今野裕亮,5月
雑賀友洋,5月
佐伯周次郎,8月
税所義博,11月
財前恵一,6月
財前宣之,10月
財津俊一郎,1月
斉藤和夫,7月
齊藤和樹,11月
斎藤克幸,4月
斉藤乙,7月
斉藤紀由,10月
斎藤広野,8月
斎藤才三,9月
齋藤翔太 (1994年生のサッカー選手),6月
齋藤誠一,7月
斉藤誠司,5月
斉藤大介,8月
斎藤大輔,11月
斉藤匠,11月
斉藤勇志,5月
斉藤俊秀,4月
斉藤智閣,4月
齋藤紀臣,1月
斎藤豪人,10月
斉藤傑緯,1月
庄司圭佑,9月
斉藤啓貴,2月
齋藤将基,6月
斉藤雅人,12月
斎藤雅也,6月
齊藤晃義,2月
齋藤学,4月
斉藤雄大,11月
斎藤陽介,4月
齋藤竜,9月
齊藤隆成,4月
齋藤良平,8月
財満博文,4月
佐伯大成,1月
佐伯直哉,12月
佐伯博司,5月
佐賀一平,5月
嵯峨克修,9月
境秋範,10月
栄井健太郎,5月
酒井剛 (サッカー選手),5月
酒井高徳,3月
酒井康平,7月
坂井将吾,1月
酒井貴政,5月
坂井達弥,11月
酒井友之,6月
酒井直樹 (サッカー選手),8月
酒井宣福,11月
酒井宏樹,4月
坂井浩,10月
酒井靖雄,12月
酒井悠基,6月
坂井優介,9月
坂井洋平,4月
酒井隆介,9月
酒井良,8月
境田雅章,1月
榊翔太,8月
坂口遥,2月
阪倉裕二,6月
坂下博之,5月
阪田章裕,5月
坂田大輔,1月
坂田記一,12月
坂田良太,2月
相根澄,10月
阪野豊史,6月
坂本一輝,4月
阪本一仁,9月
坂本和哉,9月
坂本紘司,12月
阪本晃司,2月
坂本貴浩,11月
坂本武久,8月
坂本將貴,2月
坂元要介,1月
酒匂宏明,3月
嵜本晋輔,4月
崎谷誠一,12月
作田裕次,12月
佐久間悟,7月
桜井啓,6月
桜井繁,6月
桜井鐘吾,4月
桜井孝司,5月
桜井直人,9月
桜井直哉,1月
桜井正人,9月
櫻内渚,8月
櫻田和樹,8月
櫻田真平,5月
酒本憲幸,9月
迫井深也,5月
佐光塁,6月
笹垣拓也,6月
笹垣亮介,1月
佐々木陽,7月
佐々木一輝,2月
佐々木康治,1月
佐々木翔 (サッカー選手),10月
佐々木丈文,7月
佐々木則夫 (サッカー指導者),5月
佐々木勇人,11月
佐々木仁 (サッカー選手),7月
佐々木等,3月
佐々木博和,2月
佐々木雅尚,6月
佐々木竜太,2月
笹野天史,2月
笹原義巳,4月
佐田繁理,12月
佐田聡太郎,3月
貞富信宏,7月
薩川了洋,4月
佐藤昭大,8月
佐藤晃大,10月
佐藤英二,4月
佐藤大実,12月
佐藤一樹,6月
佐藤和樹,5月
佐藤和弘 (サッカー選手),9月
佐藤和馬,12月
佐藤謙介,1月
佐藤健太郎 (サッカー選手),8月
佐藤洸一,11月
佐藤光治,8月
佐藤聡,3月
佐藤遵樹,7月
佐藤祥,7月
佐藤昌吉,4月
佐藤城介,11月
佐藤尽,9月
佐藤真一 (サッカー選手),9月
佐藤慎之介,4月
佐藤真也,11月
佐藤誓哉,6月
佐藤大基,9月
佐藤大樹 (サッカー選手),10月
佐藤大典,1月
佐藤高志,4月
佐藤拓也 (サッカー選手),7月
佐藤辰男 (サッカー選手),10月
佐藤長栄,4月
佐藤健 (サッカー選手),2月
佐藤亨,10月
佐藤陽彦,6月
佐藤寿人,3月
佐藤永志,7月
佐藤秀行,6月
佐藤弘明,2月
佐藤宏 (サッカー選手),5月
佐藤浩,3月
佐藤正美 (サッカー選手),8月
佐藤将也,2月
佐藤穣,3月
佐藤康之,4月
佐藤悠希,2月
佐藤悠介,11月
佐藤祐介,3月
佐藤勇人,3月
佐藤優平,10月
佐藤優也,2月
佐藤由紀彦,5月
佐藤洋平,11月
佐藤慶明,6月
佐藤佳成,6月
佐藤由将,9月
里内猛,1月
里見仁義,5月
真田雅則,3月
實藤友紀,1月
実信憲明,5月
實好礼忠,10月
佐野克彦,4月
佐野達,11月
佐野友昭,4月
佐野裕哉,4月
佐野理平,9月
佐原秀樹,5月
鮫島晃太,6月
左山晋平,5月
猿沢茂,1月
猿田浩得,10月
澤昌克,1月
沢入重雄,5月
澤口泉,6月
澤口雅彦,7月
沢田謙太郎,5月
澤田博之,1月
澤田和樹,6月
澤登正朗,1月
澤村憲司,1月
三渡洲アデミール,3月
三都主アレサンドロ,7月
三渡洲舞人,11月
三本菅崇,6月
椎名一馬,8月
椎名伸志,10月
椎原拓也,7月
塩川岳人,12月
塩沢勝吾,9月
塩澤敏彦,12月
塩田仁史,5月
塩谷伸介,5月
塩谷司,12月
志垣良,5月
鹿野崇史,6月
式田高義,11月
重田征紀,7月
重成俊弥,9月
茂原岳人,10月
重松健太郎,4月
重松良典,4月
重光貴葵,7月
志治達雄,10月
下屋敷恒太郎,6月
地頭薗雅弥,9月
地主園秀美,4月
篠福太郎,7月
篠島秀雄,1月
篠田善之,6月
篠塚一平,3月
篠原和也,8月
篠原弘次郎,7月
篠原聖,8月
斯波薫,10月
柴暢彦,4月
柴垣勇輝,5月
柴小屋雄一,6月
柴崎岳,5月
柴崎邦博,4月
柴崎晃誠,8月
柴崎貴広,5月
柴田峡,12月
柴田潤一郎,5月
柴田慎吾,7月
柴田大地,8月
柴原誠,4月
柴村直弥,9月
渋谷飛翔,1月
渋谷洋樹,11月
島卓視,10月
島優也,4月
志摩竜弥,1月
島岡健太,7月
島川俊郎,5月
島嵜佑,9月
島田周輔,7月
嶋田正吾,11月
島田貴裕,2月
島田秀夫,6月
島田祐輝,11月
島田裕介,1月
島田譲,11月
嶋谷征四郎,11月
島津一也,9月
島津虎史,8月
島並貴樹,5月
島貫純,8月
島袋信介,1月
島村毅,8月
島屋八徳,1月
清水篤我,6月
清水一平,1月
清水慶記,12月
清水圭介,11月
清水健太,9月
清水孝太,8月
清水航平,4月
清水康也,6月
清水純,5月
清水慎太郎,8月
清水範久,10月
清水秀彦,11月
清水谷侑樹,2月
清水直右衛門,8月
清水俊典,7月
志村滉,4月
下川健一,5月
下川誠吾,11月
下木屋翔,11月
下地奨,8月
下司隆士,7月
下條佳明,5月
下田光平,4月
下田崇,11月
霜田正浩,2月
下平隆宏,12月
下畠翔吾,5月
下平匠,10月
下村東美,12月
下村尚文,12月
下村悠太,5月
下村幸男,1月
シュタルフ・悠紀・リヒャルト,8月
修行智仁,6月
首藤啓祐,10月
首藤慎一,6月
シュナイダー潤之介,5月
城彰二,6月
城後寿,4月
昌子源,12月
庄司太己,9月
庄司孝,9月
庄司悦大,9月
城定信次,8月
城福浩,3月
白井淳,4月
白井康介,5月
白井脩平,7月
白井博幸,6月
白井三津雄,10月
白井裕人,6月
白尾秀人,9月
白川伸也,8月
白子哲平,2月
白崎凌兵,5月
白澤久則,12月
白谷建人,6月
白山貴俊,12月
城間由太,4月
新裕太朗,3月
眞行寺和彦,2月
新里彰平,5月
新里裕之,8月
新里亮,7月
新條宏喜,4月
新中剛史,11月
信藤健仁,9月
信藤健太,5月
神野卓哉,6月
新保聰太朗,12月
新明正広,7月
末岡圀孝,2月
末岡龍二,5月
末吉祐太,7月
末吉隼也,11月
菅井直樹,9月
菅嶋弘希,5月
菅沼駿哉,5月
菅沼実,5月
菅野賢一,8月
菅野裕二,4月
菅原太郎,6月
菅又哲男,11月
菅原康太,5月
菅原智,6月
菅原渉,9月
杉浦恭平,1月
杉浦大輔,5月
鋤柄昌宏,4月
杉村正二郎,4月
杉本恵太,6月
杉本健勇,11月
杉本茂雄,12月
杉本大地,7月
杉本拓也,12月
杉本真,10月
杉本倫治,6月
杉本竜士,6月
杉山新,7月
杉山弘一,10月
杉山浩太,1月
杉山琢也,1月
杉山弾斗,5月
杉山哲,6月
杉山誠,5月
杉山学,7月
杉山洋一郎,7月
杉山力裕,5月
杉山隆一,7月
杉本裕之,10月
村主博正,7月
菅野孝憲,5月
須崎恭平,6月
須崎奨,4月
鈴鹿源太郎,8月
鈴木彩貴,4月
鈴木和裕,11月
鈴木勝大,11月
鈴木克美,4月
鈴木啓太,7月
鈴木健児,9月
鈴木健太,9月
鈴木健太郎,6月
鈴木孝司,7月
鈴木弘大,8月
鈴木悟,7月
鈴木重義,10月
鈴木修人,8月
鈴木俊,4月
鈴木惇,4月
鈴木淳 (1961年生のサッカー選手),8月
鈴木将太,7月
鈴木慎吾,3月
鈴木真司,8月
鈴木大輔,1月
鈴木孝明,10月
鈴木崇文,11月
鈴木敬之,10月
鈴木隆行,6月
鈴木武一,4月
鈴木健仁,6月
鈴木達也 (1982年生のサッカー選手),8月
鈴木達矢,2月
鈴木保,4月
鈴木弾,3月
鈴木翼 (1994年生のサッカー選手),4月
鈴木寿毅,10月
鈴木智樹,6月
鈴木智幸,12月
鈴木伸貴,9月
鈴木規郎,2月
鈴木隼人,5月
鈴木秀人,10月
鈴木政一,1月
鈴木政紀,9月
鈴木正治,8月
鈴木正人 (1977年生のサッカー選手),4月
鈴木将也,5月
鈴木保男,4月
鈴木康崇,12月
鈴木康仁,12月
鈴木祐輔,5月
鈴木雄太,5月
鈴木雄斗,12月
鈴木洋平,10月
鈴木陽平,7月
鈴木良和,6月
鈴木隆雅,2月
鈴木諒,8月
鈴木良三,9月
鈴木椋大,2月
鈴木亮平,7月
鈴木徳彦,11月
鈴木淳 (1987年生のサッカー選手),9月
鈴木翼 (1990年生のサッカー選手),11月
須田興輔,2月
須田芳正,8月
須田剛史,4月
須藤茂光,4月
須藤大輔,4月
須藤壮史,6月
須藤右介,5月
須永純,4月
砂川太志,1月
砂川誠,8月
砂森和也,9月
砂山勇,4月
須股一男,5月
住田貴彦,3月
隅田航,5月
住谷幸伸,8月
李澤忍治,5月
諏訪雄大,5月
諏訪園一吉,3月
諏訪園良平,10月
清野智秋,9月
瀬尾清,6月
瀬川和樹,4月
瀬川誠,11月
関憲太郎,3月
関浩二,6月
関隆倫,1月
関雅至,1月
関光博,5月
関口訓充,12月
関口圭亮,11月
関口久雄,10月
関田寛士,10月
関塚隆,10月
関戸健二,1月
関根永悟,9月
関根真,1月
関根秀輝,4月
関野達也,6月
関原凌河,6月
関本恒一,5月
瀬口拓弥,11月
瀬田元吾,1月
瀬田貴仁,1月
瀬田竜彦,1月
瀬田達弘,11月
瀬戸貴幸,2月
瀬戸春樹,3月
瀬藤淳,10月
瀬沼優司,9月
妹尾隆佑,2月
瀬里康和,7月
仙石廉,10月
先崎勝也,4月
千疋美徳,1月
相馬大士,2月
相馬崇人,12月
相馬直樹,7月
副島貴司,4月
曽我敬紀,7月
曽ヶ端準,8月
曽我部慶太,7月
曽我部巧,7月
曽田雄志,7月
曽根康介,11月
曽根祐一,4月
其田秀太,2月
薗田淳,1月
園田清次,11月
園田拓也,11月
園部晃久,12月
園部勉,3月
薗部良,6月
染矢一樹,10月
征矢智和,10月
反町一輝,8月
反町康治,3月
楚輪博,5月
代健司,3月
泰澤秀幸,5月
大仁邦彌,10月
平聡,7月
平智広,5月
田尾知己,9月
高木和正,12月
高木和道,11月
高木健旨,5月
高木建太,12月
高木功 (サッカー選手),4月
高木駿,5月
高木純平,9月
高木大輔,10月
高木貴弘,7月
高木琢也,11月
高木俊幸,5月
高木成太,4月
高木善朗,12月
高木義成,5月
高桑大二朗,8月
高崎寛之,3月
高嵜理貴,7月
高崎亮平,7月
高櫻健太,1月
高沢尚利,4月
高須英暢,11月
高須洋平,9月
高杉亮太,1月
高瀬証,9月
高瀬優孝,11月
高田栄二,10月
高田一憲,3月
高田一美,6月
高田健吾,8月
高田健太郎,4月
高田静夫,8月
高田純,12月
高田哲也,7月
高田豊治,2月
高田寿典,5月
高田昌明,7月
高田保則,2月
高地系治,4月
高野和隆,11月
高野光司,12月
高野耕平,4月
高野修栄,1月
高野剛,10月
高萩洋次郎,8月
高橋壱晟,4月
高橋寛太,11月
高橋健二,6月
高橋健史,1月
高橋聡,3月
高橋周大,7月
高橋峻希,9月
高橋駿太,2月
高橋祥平,12月
高橋真一郎,10月
高橋大輔,9月
高橋臣徳,8月
高橋拓也,6月
高橋武夫,5月
高橋豊二,3月
高橋直樹,8月
高橋直也,6月
高橋夏樹,7月
高橋延仁,4月
高橋信幸,2月
高橋範夫,3月
高橋秀人,10月
高橋英辰,4月
高橋弘章,12月
高橋昌大,5月
高橋真登,4月
高橋勇菊,3月
高橋祐治,4月
高橋悠馬,4月
高橋泰,9月
高橋義希,5月
高橋竜太,8月
高橋良太,12月
高橋祐太郎,10月
高畑浩二,11月
高畠勉,6月
高畑龍太,7月
高林隆,8月
高林佑樹,5月
高林敏夫,11月
高原郁夫,10月
高原翔吾,5月
高原寿康,10月
高原直泰,6月
高原幹,5月
高部聖,5月
高間武,2月
高松健太郎,11月
高松剛太郎,7月
高松大樹,9月
田上渉,5月
高宮大輔,11月
高向隼人,11月
高森泰男,3月
高師康,11月
高安亮介,5月
高柳一誠,9月
高山英華,4月
高山忠雄,6月
高山洋平,11月
高山薫,7月
滝裕徳,6月
滝川敬祐,4月
滝澤邦彦,4月
瀧澤進吾,12月
田北雄気,5月
瀧原直彬,10月
瀧本雄太,1月
田草川貴,2月
多久島顕悟,5月
田口光久,2月
田口禎則,9月
田口泰士,3月
武井択也,1月
竹内彬,6月
竹内和也,6月
竹内翼,5月
竹内悌三,11月
竹内優,6月
竹内佑樹,6月
竹内涼,3月
武岡優斗,6月
竹越夏基,6月
竹重安希彦,8月
武末裕太,7月
武田英二郎,7月
武田治郎,9月
武田大,10月
竹田忠嗣,7月
武田亘弘,3月
武田修宏,5月
武田英明,5月
武田博行,11月
武田洋平,6月
武富孝介,9月
竹中公基,9月
竹中穣,11月
竹腰重丸,2月
竹村栄哉,12月
竹元義幸,10月
竹谷英之,6月
田光仁重,4月
田坂和昭,8月
田阪祐治,7月
田坂祐介,7月
田崎拓真,7月
田沢浩之,4月
田澤勇気,7月
田嶋幸三,11月
田島翔,4月
田島宏晃,6月
田尻健,6月
田尻秀一,4月
田代主水,11月
田代真一,6月
田代有三,7月
田代祐平,9月
多田大介,8月
多田高行,4月
夛田凌輔,8月
只木章広,4月
多々良敦斗,6月
舘野俊祐,5月
橘章斗,10月
立花由貴,8月
立原元夫,1月
伊達倫央,8月
立石飛鳥,6月
立石敬之,7月
立石智紀,4月
田所諒,4月
田中亜土夢,10月
田中謙吾,12月
田中恵太,12月
田中賢治,12月
田中剛,4月
田中孝司,11月
田中幸治,10月
田中康平,12月
田中秀人,11月
田中舜,3月
田中俊一,9月
田中淳一,10月
田中淳也,4月
田中順也,7月
田中翔太,7月
田中真二,9月
田中紳太郎,5月
田中奏一,6月
田中大輔,1月
田中貴大,11月
田中達也,11月
田中達也 (1992年生のサッカー選手),6月
田中哲也,7月
田中輝和,7月
田中輝希,8月
田中俊也,11月
田中信孝,6月
田中隼磨,7月
田中英雄,3月
田中秀哉,6月
田中洋明,4月
田中裕人,4月
田中誠,8月
田中政勝,8月
田中優毅,3月
田中政俊,9月
田中雅之 (サッカー選手),7月
田中マルクス闘莉王,8月
田中雍和,6月
田中泰裕,8月
田中靖大,7月
田中佑昌,2月
田中裕介,4月
田中雄大 (1988年生のサッカー選手),8月
田中雄大 (1995年生のサッカー選手),11月
棚田伸,7月
棚橋雄介,4月
田邉草民,4月
田辺治太郎,3月
田鍋陵太,4月
田辺和彦,6月
谷真一郎,11月
谷池洋平,4月
谷内謙介,7月
谷尾昂也,5月
谷尾隆博,2月
谷奥優作,10月
谷川烈,4月
谷口圭,7月
谷口堅三,12月
谷口功一,9月
谷口浩平,10月
谷口彰悟,7月
谷口博之,6月
谷口功,2月
谷中治,9月
谷村憲一,1月
田ノ上信也,2月
田上裕,1月
田畑昭宏,5月
田端信成,4月
田端秀規,8月
田原輝幸,5月
田原豊,4月
田畑輝樹,4月
田平謙,1月
田渕龍二,2月
玉井操,12月
玉置慎也,10月
玉川皓太,6月
玉田圭司,4月
玉田真人,8月
玉乃淳,6月
玉林睦実,10月
田丸誠,4月
田宮勇次,7月
田村和也,10月
田村翔太,2月
田村直弘,7月
田村直也,11月
田村仁崇,1月
田村貢,4月
田村恵,1月
田村祐基,12月
田村裕二,4月
田村雄三,12月
為田大貴,8月
田森大己,8月
樽谷恵三,7月
丹野研太,8月
千明聖典,7月
千島徹,5月
千野俊樹,7月
千葉恵二,6月
千葉真也,5月
千葉貴仁,11月
千葉直樹,7月
千葉雅人,8月
千葉泰伸,4月
千葉裕也,4月
千葉和彦,6月
茶野隆行,11月
中後雅喜,5月
長正之,7月
千代反田充,6月
陳明俊,3月
塚田雄二,12月
塚野真樹,10月
塚本明正,11月
塚本一希,2月
塚本翔平,10月
塚本泰史,7月
塚本秀樹,8月
月岡利明,11月
築舘範男,4月
継谷昌三,6月
佃賢典,6月
津越智雄,9月
辻周吾,7月
辻正男,3月
辻尾真二,12月
辻田真輝,8月
辻本茂輝,6月
津田和樹,7月
津田琢磨,10月
津田知宏,5月
津田幸男,8月
土田尚史,2月
土橋正樹,7月
土屋明大,5月
土屋健太,1月
土屋健太郎,4月
土屋潤二,8月
土屋貴啓,7月
土屋征夫,7月
筒井俊,3月
筒井紀章,8月
都築龍太,4月
堤健吾,3月
堤俊輔,2月
堤隆裕,12月
堤喬也,6月
綱田大志,4月
都並敏史,8月
津野健次,8月
坪井慶介,9月
坪内秀介,5月
坪田和美,1月
津本貴啓,7月
筑城和人,8月
鶴田達也,9月
鶴田道弘,1月
鶴野太貴,9月
弦巻健人,6月
鶴見聡貴,12月
鶴見智美,10月
出井正太郎,8月
ディビッドソン純マーカス,6月
出口司,4月
手倉森浩,11月
手倉森誠,11月
手島和希,6月
手島志郎,2月
手塚聡,9月
鐡戸裕史,9月
寺内良太,4月
寺尾拓,10月
寺川能人,9月
寺田一太,10月
寺田周平,6月
寺田紳一,6月
寺田武史,3月
寺田洋介,7月
寺西忠成,4月
照井篤,7月
伝庄優,6月
土井康平,12月
土居聖真,5月
土井将平,4月
土肥洋一,7月
土居義典,4月
土井良太,8月
堂柿龍一,1月
唐木航太,2月
當間建文,3月
東間勇気,3月
道本大三郎,9月
堂森勝利,6月
遠国信也,4月
遠山深,4月
富樫豪,6月
冨樫剛一,7月
戸川健太,6月
時崎悠,6月
常澤聡,7月
土岐田洸平,3月
鴇田周作,9月
鴇田正憲,6月
時久省吾,4月
常盤聡,5月
常盤亮介,1月
徳重健太,3月
徳重隆明,2月
徳永悠平,9月
都倉賢,6月
戸倉健一郎,5月
床井伸太朗,10月
戸島章,10月
戸田和幸,12月
戸田賢良,12月
戸田光洋,9月
戸高研太,8月
橡尾健次,5月
戸塚哲也,4月
刀根亮輔,10月
外池大亮,1月
登内将志,6月
鳥羽俊正,7月
土橋宏由樹,11月
苫米地健一,4月
都丸昌弘,10月
富居大樹,8月
冨江悠,4月
富岡英聖,7月
冨岡大吾,10月
富沢清司,12月
富澤清太郎,7月
冨嶋均,6月
冨田健二,7月
富田晋伍,6月
冨田晋矢,5月
富田康仁,4月
冨田大介,4月
富所悠,4月
富永英明,8月
富永康博,5月
冨成慎司,2月
富山貴光,12月
冨山達行,8月
冨山卓也,9月
友澤剛気,2月
友近聡朗,4月
豊川雄太,9月
豊嶋邑作,7月
豊田和斗,11月
豊田陽平,4月
豊満貴之,4月
鳥居塚伸人,8月
鳥養祐矢,5月
鳥原光憲,3月
内藤圭佑,8月
内藤友康,9月
内藤就行,11月
内藤洋平,7月
内藤直樹,5月
直木和,8月
永井篤志,12月
永井堅梧,11月
永井謙佑,3月
永井俊太,7月
中井昇吾,6月
中居時夫,6月
永井秀樹,1月
永井雄一郎,2月
永井良和,4月
中井義樹,1月
永井龍,5月
永井健太,9月
中尾康二,9月
中尾幸太郎,6月
永尾昇,8月
中尾真那,9月
長岡郷,5月
中垣雅博,8月
中川心平,11月
中川英之,7月
中川寛斗,11月
中河昌彦,8月
中川雄二,10月
中川勇人,7月
中川裕平,7月
中川義貴,7月
永木亮太,6月
中口雅史,4月
中込正行,8月
永坂勇人,5月
永里源気,12月
中里崇宏,3月
仲里航,10月
中里宏司,4月
長澤和明,2月
長澤和輝,12月
長沢駿,8月
中澤聡太,10月
長澤徹,5月
中澤佑二,2月
永島昭浩,4月
中島清登,11月
中島健太,6月
中島浩司 (サッカー選手),8月
中島康平,12月
中島俊一 (サッカー選手),6月
中嶋譲,7月
中島翔哉,8月
中島崇典,2月
中島崇文,4月
中島豪,1月
長島裕明,3月
中島裕希,6月
中島雄太,6月
中嶋雄大,8月
中島良輔,4月
中島礼司,6月
中筋誠,5月
中田一三,4月
仲田建二,10月
中田健太郎,5月
中田浩二 (サッカー選手),7月
永田崇,4月
永田拓也,9月
中田智久,5月
中田英寿,1月
中田仁司,1月
永田充,4月
中田洋介,9月
中田洋平,11月
永田隆二,3月
中田良,2月
永田亮太,5月
中谷浩勝,8月
中谷勇介,9月
中津留奨吾,6月
永冨裕尚,6月
永冨裕也,7月
長友耕一郎,12月
長友佑都,9月
中西功 (サッカー選手),4月
中西永輔,6月
中西哲生,9月
長沼圭一,5月
長沼健,9月
中野圭,1月
中野圭一郎,3月
長野聡,8月
中野大輔 (サッカー選手),12月
中野洋司,10月
中野裕太 (サッカー選手),8月
永野諒,11月
中野遼太郎,6月
中橋絢也,8月
長橋康弘,8月
永畑祐樹,5月
中濱雅之,4月
中林洋次,4月
中原浩介,3月
中原秀人,10月
中原彰吾,5月
中原貴之,11月
中原丈聖,6月
中払大介,5月
中払伸吾,1月
仲間隼斗,5月
中牧大輔,5月
中町公祐,9月
中丸貴之,5月
中三川哲治,6月
長嶺寛明,3月
長峯宏範,5月
中村彰宏,8月
中村充孝,9月
中村覚之助 (サッカー),7月
中村和哉,9月
中村一義 (サッカー選手),4月
仲村京雅,4月
中村聖,5月
中村元 (1978年生),9月
中村元 (1981年生),1月
中村元樹,2月
中村憲剛,10月
中村豪 (サッカー選手),11月
中村航輔,2月
中村幸聖,4月
中村重和,7月
中村俊輔,6月
中村駿太 (サッカー選手),5月
中村伸,5月
中村太亮 (サッカー選手),7月
中村忠 (サッカー選手),6月
中村有,4月
中村勤,7月
中村直志,1月
中村英之,6月
中村宏紀,4月
中村洋仁,5月
中村北斗,7月
中村真人 (サッカー選手),12月
中村学 (サッカー選手),6月
中村祐輝,6月
中村友亮,10月
中村祐人,1月
中村祐也,4月
中村祐哉,6月
中村祥朗,10月
中村亮太,1月
中村隼,11月
中村亮,8月
中本邦治,10月
中森大介,7月
長山一也,4月
永山邦夫,9月
中山元気,9月
中山悟志,11月
中山昇 (サッカー選手),7月
中山博貴,12月
中山雅史,9月
中山康弘,2月
中山友規,11月
永芳卓磨,4月
永禮大貴,11月
柳楽智和,10月
奈須伸也,12月
那須大亮,10月
那須信夫,6月
那須川将大,12月
名塚善寛,10月
棗佑喜,11月
名取篤,11月
名波浩,11月
鍋田亜人夢,5月
奈良竜樹,9月
楢崎正剛,4月
奈良崎千喜,6月
奈良崎寛,6月
名良橋晃,11月
奈良林寛紀,1月
奈良安剛,12月
奈良輪雄太,8月
成山裕治,5月
鳴尾直軌,10月
成岡翔,5月
鳴海勝也,7月
難波宏明,12月
南部昌明,10月
二井大二,2月
新川織部,7月
新沼泉,4月
新村泰彦,5月
新村純平,10月
牲川歩見,5月
西眞一,2月
西大伍,8月
西望実,12月
西紀寛,5月
西弘則,2月
西政治,5月
西洋祐,5月
西井光,9月
西尾崚,5月
西岡謙太,4月
西ヶ谷隆之,5月
西川周吾,5月
西川周作,6月
西河翔吾,7月
西川裕太,3月
西川優大,4月
西川吉英,4月
西口広海,8月
西口諒,11月
西郡巧,10月
西澤明訓,6月
西澤淳二,5月
西島健介,6月
西嶋弘之,4月
西田剛,9月
西田信孝,3月
西田吉洋,1月
西谷正也,9月
西出隼也,12月
西野朗,4月
西野晃平,4月
西野貴治,9月
西野努,3月
西野誠 (サッカー選手),7月
西野泰正,9月
西野隆司,12月
西畑聖士,6月
西原誉志,8月
西原拓己,6月
西原幹人,6月
西部洋平,12月
西村昭宏,8月
西村弘司,7月
西邑昌一,4月
西村拓真,10月
西村卓朗,8月
西村俊寛,10月
西村陽毅,5月
西村英樹,4月
西村亮介,8月
西村竜馬,7月
西本竜洋,4月
西森正明,3月
西山峻太,7月
西山孝朗,1月
西山貴永,7月
西山哲平,2月
西山博貴,6月
西脇良平,8月
仁田尾博幸,11月
新田広一郎,12月
新田純也,6月
新田純興,1月
新田大介,5月
二戸将,5月
二宮一拓,11月
二宮洋一,11月
二宮寛,2月
二宮浩,4月
二瓶翼,9月
二村昭雄,5月
丹羽大輝,1月
丹羽貴亮,6月
丹羽洋介,10月
丹羽竜平,1月
布部陽功,9月
沼尻健太,5月
沼田圭悟,7月
塗師亮,5月
根岸誠一,4月
根子達也,9月
根占真伍,12月
根引謙介,9月
根本一也,8月
根本翔,8月
根本裕一,7月
根本亮助,8月
直川公俊,2月
野上結貴,4月
野垣内俊,9月
野木健司,5月
野口幸司,6月
野口貴裕,6月
野口直人,6月
野口裕司,2月
野口遼太,6月
ノグチピント・エリキソン,1月
野崎桂太,4月
野崎雅也,8月
野崎陽介,2月
野沢晃,8月
野澤健一,1月
野沢拓也,8月
野沢英之,8月
野沢正雄,8月
野澤洋輔,11月
野地照樹,1月
野嶋良,10月
野尻衛,5月
野田明弘,9月
野田恭平,10月
野田紘史,6月
野田知,3月
野田達郎,11月
野田隆之介,9月
野津謙,3月
野津田岳人,6月
野寺和音,6月
埜下荘司,5月
野々村芳和,5月
野原大輔,5月
登尾顕徳,11月
登里享平,11月
野見山秀樹,4月
野村博司,4月
野村正和,1月
野村貢,11月
野村六彦,2月
野元恒兵,2月
野本泰崇,4月
野本安啓,6月
則武謙,7月
ハーフナー・ディド,9月
ハーフナー・ニッキ,2月
ハーフナー・マイク,5月
ハウバート・ダン,7月
芳賀博信,12月
萩生田真也,8月
萩野英明,1月
萩原達郎,8月
萩村滋則,7月
萩原洪拓,7月
羽地登志晃,8月
橋内優也,7月
橋内竜真,4月
橋垣戸光一,3月
橋口勝,5月
橋田聡司,12月
橋爪勇樹,8月
橋場貴之,4月
橋満士郎,12月
橋村祐太,9月
橋元圭一郎,5月
橋本幸一,1月
橋本晃司,4月
橋本淳 (サッカー選手),10月
橋本卓,6月
橋本巧 (サッカー選手),1月
橋本尚樹,6月
橋本早十,9月
橋本英郎,5月
橋本真人,10月
橋本雄二,5月
橋本亮一,4月
橋本和,9月
橋本拳人,8月
柱谷幸一,3月
柱谷哲二,7月
蓮沼剛,8月
蓮見知弘,6月
長谷川アーリアジャスール,10月
長谷川健太,9月
長谷川太一 (1982年生),5月
長谷川太郎,8月
長谷川務 (サッカー選手),7月
長谷川徹 (サッカー選手),12月
長谷川豊喜,4月
長谷川治久,4月
長谷川博一 (サッカー選手),10月
長谷川満 (サッカー選手),2月
長谷川悠,7月
長谷川祥之,2月
長谷部彩翔,2月
長谷部茂利,4月
長谷部誠,1月
畑喜美夫,11月
羽田敬介,2月
秦賢二,6月
畑尚行,12月
畑実,3月
畠山啓,8月
畑田真輝,9月
旗手真也,10月
幡野貴紀,9月
波夛野寛,12月
畑本時央,8月
蜂須賀孝治,7月
八角剛史,4月
初田真也,5月
八田直樹,6月
八反田康平,1月
服部公太,11月
服部順一,4月
服部大樹,10月
服部年宏,9月
服部浩紀,8月
波戸康広,5月
花井聖,11月
端戸仁,5月
花渕修平,12月
花本剛泰,10月
花山英二,8月
羽生直剛,12月
羽田憲司,12月
馬場賢治,7月
馬場憂太,1月
馬場悠,10月
羽畑公貴,7月
濱岡和久,2月
浜岡寛,1月
浜口和義,5月
濱口和明,5月
浜崎昌弘,3月
濱崎陽平,7月
濱田武,12月
濱田照夫,4月
濱田宙,7月
濱田水輝,5月
濱田雄太,8月
濱田祥裕,6月
濱野勇気,6月
浜野征哉,9月
濱屋祐輝,5月
早川知伸,7月
早川史哉,1月
早川雄規,10月
早坂良太,9月
林彰洋,5月
林一章,7月
林佳祐,7月
林健太郎 (サッカー選手),8月
林晃平,6月
林慧,6月
林俊介,7月
林卓人,8月
林丈統,10月
林威宏,1月
林祐征,10月
林真人,5月
林容史,10月
林勇介,3月
林隆太,1月
林陵平,9月
林容平,7月
早野宏史,11月
端山豪,4月
羽山拓巳,5月
原一生,2月
原一樹,1月
原秀治 (サッカー選手),9月
原信生,9月
原裕晃,6月
原博実,10月
原正文,12月
原裕太郎,4月
原竜太,4月
原賀啓輔,5月
原川力,8月
原口元気,5月
原崎政人,8月
原島喬,8月
茨田陽生,5月
原田開,2月
原田圭輔,6月
原田紘介,12月
原田翔太 (サッカー選手),8月
原田慎太郎 (サッカー選手),11月
原田大治郎,2月
原田拓,10月
原田武男,10月
原田憲知,7月
原田欽庸,5月
針谷岳晃,10月
波立紀夫,1月
春山泰雄,4月
半田浩平,11月
半田武嗣,6月
萬代宏樹,2月
播戸竜二,8月
馬場悠企,8月
比嘉健志郎,1月
比嘉厚平,4月
比嘉盛範,9月
比嘉隼人,5月
比嘉雄作,6月
比嘉祐介,5月
比嘉リカルド,5月
檜垣信義,3月
日笠山優,3月
東慶悟,7月
東幸一,8月
東大陽,6月
東川昌典,9月
東口順昭,5月
疋田大和,11月
挽地祐哉,5月
曵地裕哉,9月
樋口士郎,9月
樋口大輝,4月
樋口寛規,4月
樋口昌俊,8月
樋口靖洋,12月
久富賢,9月
久留貴昭,12月
久永辰徳,12月
飛弾暁,4月
日高慶太,2月
日高拓磨,4月
日高拓哉,9月
日高智樹,4月
日高憲敬,5月
日野優,7月
日野竜一,9月
姫野昂志,3月
百武義成,11月
兵働昭弘,5月
兵藤慎剛,7月
兵頭由教,9月
平秀斗,6月
平井将生,12月
平井晋太郎,1月
平井直人,7月
平石健太,6月
平石竜真,1月
平出涼,7月
平岩宗,12月
平岡直起,5月
平岡宏章,9月
平岡靖成,3月
平岡康裕,5月
平川忠亮,5月
平川弘,1月
平木良樹,10月
平木隆三,10月
平沢周策,3月
平沢政輝,4月
平繁龍一,6月
平島崇,2月
平瀬智行,5月
平田生雄,6月
平田英治,5月
平田翔太,3月
平田俊英,10月
平田順也,10月
平塚次郎,12月
平野甲斐,8月
平野孝,7月
平野又三,12月
平林輝良寛,6月
平間智和,6月
平間直道,7月
平松康平,4月
平松大志,7月
平本一樹,8月
平山相太,4月
平山照晃,10月
平山智規,1月
平山智也,9月
廣井友信,1月
廣池寿,10月
広岡ライアン勇輝,2月
広瀬治,6月
廣瀬浩二,3月
廣瀬智靖,9月
廣田隆治,7月
廣長優志,7月
廣永遼太郎,1月
広庭輝,7月
広野耕一,4月
廣山望,5月
笛真人,3月
深井一希,3月
深井正樹,9月
深川大樹,8月
深川友貴,7月
深澤幸次,12月
深澤仁博,7月
深田慶太,12月
深津康太,8月
深水章生,9月
深谷泰介,9月
深谷友基,8月
福井貴教,10月
福井理人,11月
福井諒司,8月
福王忠世,5月
福士徳文,6月
福重良一,1月
福島玄一,4月
福島悟,10月
福島新太,1月
福嶋洋,7月
福田晃斗,5月
福田健二,10月
福田健介,7月
福田健人,5月
福田俊介,4月
福田豊和,12月
福田正博,12月
福田涼,9月
福田建,4月
福留亮,6月
福永泰,3月
福西崇史,9月
福原喜和,1月
福原黎三,4月
福満隆貴,2月
福村貴幸,12月
福元考佑,4月
福本尚純,5月
福元洋平,4月
福森晃斗,12月
房哲平,9月
藤直也,5月
冨士祐樹,5月
藤井賢心,8月
藤井大輔 (サッカー選手),10月
藤井貴,4月
藤井悠太,5月
藤岡浩介,8月
藤ヶ谷陽介,2月
藤川康司,10月
藤川虎太朗,7月
藤川孝幸,10月
藤川久孝,5月
藤川祐司,6月
藤木亮以,9月
藤口光紀,8月
藤倉寛,4月
藤崎義孝,5月
藤定孝章,7月
藤嶋栄介,1月
藤島信雄,4月
藤代伸世,1月
藤田息吹,1月
藤田健,8月
藤井航大,1月
藤田浩平,6月
藤田聡 (サッカー選手),9月
藤田静夫,2月
藤田征也,6月
藤田泰成,1月
藤田俊哉,10月
藤田直之,6月
藤田信,4月
藤田優人,5月
藤田義明,1月
藤田祥史,4月
藤春廣輝,11月
藤牧祥吾,6月
藤村慶太,9月
藤本貢壽,3月
藤本康太,4月
藤本淳吾,3月
藤本主税,10月
藤本憲明,8月
藤本雄基,5月
藤本義一 (サッカー選手),12月
藤本敏史 (サッカー選手),6月
藤元大輔,4月
藤山竜仁,6月
藤吉皆二朗,1月
藤吉信次,4月
藤原昭 (サッカー選手),5月
藤原務,10月
藤原広太朗,4月
藤本修司,4月
藤本大,5月
布施祐典,6月
布施有太,1月
二川孝広,6月
二見宏志,3月
太洋一,8月
船越優蔵,6月
船谷圭祐,1月
舩津徹也,2月
船津佑也,11月
船本幸路,8月
船山貴之,5月
船山祐二,1月
スズキ・カスタニェイラ・ブルーノ・ジュンイチ,5月
古川大悟,9月
古川隆志,10月
古川毅,9月
古川昌明,8月
古川能章,1月
古川好男,7月
古島清人,4月
古田篤良,10月
古田寛幸,5月
古田泰士,8月
古橋達弥,11月
古部健太,11月
古邊考功,12月
古屋信哉,4月
不老伸行,1月
不老祐介,8月
辺見昌樹,8月
寶示戸進哉,10月
ポープ・ウィリアム,10月
保坂一成,3月
保坂孝,5月
保坂司,3月
保坂不二夫,5月
保崎淳,3月
星大輔,12月
星川敬,5月
星子泰斗,7月
星出悠,8月
星野悟,2月
星野真悟,5月
星野崇史,4月
星野圭佑,8月
星原健太,5月
細江敏矢,6月
細貝聡,4月
細貝新,5月
細貝萌,6月
細貝竜太,1月
細川功,5月
細川淳矢,6月
細谷一郎,1月
堀田秀平,5月
堀田利明,4月
保戸田春彦,4月
堀健人,6月
堀孝史,9月
堀井岳也,7月
堀井美晴,3月
堀池巧,9月
堀池洋充,5月
堀池勇平,5月
堀内省吾,5月
堀内大輔,4月
堀江忠男,9月
堀川恭平 (サッカー選手),9月
堀河俊大,5月
堀切良輔,11月
堀米勇輝,12月
堀米悠斗,9月
堀之内健介,5月
堀之内聖,10月
堀之内義博,6月
本田圭佑,3月
本田健司,4月
本田功輝,3月
本田真吾,11月
本多進司,2月
本田征治,2月
本田拓也,4月
本田将也,11月
本田泰人,6月
本多勇喜,1月
本田洋一郎 (サッカー選手),4月
本田慎之介,6月
本並健治,6月
本間勲,4月
本間和生,3月
本間幸司,4月
本間康貴,6月
本街直樹,7月
フィッツジェラルド舞行龍ジェームズ,9月
前貴之,9月
前川和也,3月
前川賢司,7月
前川大樹,7月
真栄城兼哉,2月
前園真聖,10月
前田治,9月
前田和明,1月
前田和也 (サッカー選手),1月
前田和哉,9月
前田和之 (サッカー選手),10月
前田浩二,2月
前田俊介,6月
前田隆 (サッカー選手),8月
前田高孝,6月
前田直輝,11月
前田信弘,6月
前田秀樹,5月
前田雅文,1月
前田悠佑,11月
前田陽平,5月
前田義貴,8月
前田遼一,10月
前田凌佑,4月
前野貴徳,4月
前山恭平,12月
巻誠一郎,8月
巻佑樹,6月
牧悠二,10月
牧内慶太,7月
牧内辰也,1月
牧浦裕司,4月
牧野悟,11月
牧野真二,5月
槙野智章,5月
牧野泰直,3月
牧野安正,7月
牧本泰山,2月
真子秀徳,8月
正木秀俊,4月
真下佐登史,3月
増川隆洋,11月
益子義浩,7月
増嶋竜也,4月
増田勝文,5月
増田清一,5月
増田功作,4月
増田繁人,6月
増田卓也,6月
増田忠俊,12月
増田誓志,6月
桝田雄太郎,3月
桝谷洋一,8月
桝本厚志,7月
増本浩平,7月
益山司,1月
間瀬秀一,10月
町田忠道,5月
町田多聞,2月
町田也真人,12月
町中大輔,12月
松井清隆,1月
松井敬佑,7月
松井謙弥,9月
松井大輔,5月
松内徹,4月
松浦敦史,12月
松浦勇武,8月
松浦宏治,5月
松浦拓弥,12月
松浦敏夫,11月
松裏英明,6月
松尾篤,3月
松尾元太,5月
松尾昇悟,7月
松尾直人,9月
松岡真吾,2月
松岡大輔,8月
松岡卓,7月
松岡宏晃,8月
松岡康暢,5月
松岡祐介,5月
松岡祐弥,6月
松岡亮輔,10月
松ヶ枝泰介,12月
松川友明,4月
松木安太郎,11月
松下和磨,6月
松下幸平,7月
松下晋也,4月
松下太輔,10月
松下年宏,10月
松下裕樹 (サッカー選手),12月
松下泰士 (サッカー選手),10月
松島竜太,11月
松田和也,8月
松田圭右,10月
松田岳夫,10月
松田勉,10月
松田直樹,3月
松田英樹,9月
松田浩,9月
松田正俊,9月
松田悦典,8月
松田力,7月
松永章,8月
松永行,1月
松永一慶,11月
松永成立,8月
松永祥兵,1月
松永碩,6月
松永信夫,12月
松永英機,2月
松波正信,11月
松橋章太,8月
松橋優,3月
松原健,2月
松原修平,8月
松原忠明,7月
松原浩樹,11月
松原優吉,9月
松原良香,8月
松丸貞一,2月
松村亮,6月
松本育夫,11月
松本磨,8月
松本和弥,6月
松本暁司,8月
松本圭介 (サッカー選手),6月
松本憲,8月
松本光平 (1989年生のサッカー選手),5月
松本三四郎,5月
松本翔,4月
松本大樹,12月
松本昂聡,9月
松本拓也 (サッカー選手),2月
松本浩幸,7月
松本昌也,1月
松本実 (サッカー選手),4月
松本祐樹,1月
松本怜大,11月
松元亮仁,12月
松本怜,2月
松本陽介,3月
松森亮,11月
松山大輔,7月
松山大地,1月
松山博明,8月
松山吉之,7月
松代直樹,4月
的場千尋,2月
眞中幹夫,5月
眞中靖夫,1月
真野亮二,10月
丸井孝文,11月
丸谷明,2月
丸谷拓也,5月
丸谷祐一,7月
丸野勝一郎,6月
丸橋祐介,9月
丸山拓志,6月
丸山富洋,4月
丸山祐市,6月
丸山良明,10月
満生充,4月
萬場努,1月
三浦旭人,8月
三浦淳宏,7月
三浦修,6月
三浦知良,2月
三浦弦太,3月
三浦天悟,4月
三浦直貴,7月
三浦文丈,8月
三浦雅之,11月
三浦雄也,4月
三浦和俊,3月
美尾敦,1月
三門雄大,12月
三上明紀,6月
三上和良,8月
三上卓哉,2月
三上陽輔,5月
三鬼海,4月
三木隆司,7月
三木健 (サッカー選手),4月
三木良太,4月
御厨景,8月
御厨貴文,5月
三竿雄斗,4月
見崎充洋,5月
三澤慶一,6月
三澤純一,5月
三島康平,4月
三島勇太,5月
水内猛,11月
水木勇人,11月
水筑優文,8月
水口洋次,7月
水越潤,1月
水崎靖,6月
水島武蔵,9月
水田月満,9月
水谷允俊,7月
水谷雄一,5月
水永翔馬,5月
水沼宏太,2月
水沼貴史,5月
水野和樹,11月
水野晃樹,9月
水野泰輔,5月
水野隆,4月
水原大樹,1月
水本勝成,2月
水本裕貴,9月
水谷京太,5月
溝ノ上一志,6月
溝渕雄志,7月
三田光,8月
三田啓貴,9月
見田雅之,10月
路木健,10月
路木龍次,8月
光岡眞矢,4月
光永祐也,11月
三平和司,1月
三戸雄志,4月
皆川翔太,6月
南秀仁,5月
己浪学,2月
南祐三,11月
南雄太,9月
南陽介 (サッカー選手),5月
南省吾,9月
南野拓実,1月
皆本勝弘,7月
三根和起,4月
三野草太,10月
簔口祐介,8月
美濃部直彦,7月
箕輪義信,6月
三原向平,12月
三原直樹,6月
三原廣樹,4月
三原雅俊,8月
三村恪一,8月
三村真,3月
大山啓輔,5月
宮市剛,6月
宮市亮,12月
宮内聡,11月
宮内亨 (サッカー選手),6月
宮内龍汰,3月
宮尾勇輝,7月
宮川悟,3月
宮川大輔 (サッカー選手),10月
三宅一徳 (サッカー選手),12月
宮阪政樹,7月
宮坂翔,6月
宮崎光平,2月
宮崎大志郎,4月
宮崎泰右,5月
宮崎智彦,11月
宮沢克行,9月
宮澤浩,11月
宮沢正史,4月
宮澤ミシェル,7月
宮澤勇樹,3月
宮澤裕樹,6月
宮路洋輔,6月
宮下周歩,10月
宮下俊,4月
宮田孝治,1月
宮田繁輝,6月
宮田直樹 (サッカー選手),11月
宮原和也,3月
宮原裕司,7月
深山静夫,5月
宮村正志,2月
宮本卓也,7月
宮本恒靖,2月
宮本輝紀,12月
宮本亨,12月
宮本英俊,9月
宮本征勝,7月
宮吉拓実,8月
三幸秀稔,5月
明神智和,1月
明堂和也,4月
三吉聖王,7月
三好毅典,1月
三好拓児,8月
三好洋央,5月
三輪敦規,7月
三輪宏真,8月
向慎一,6月
麦田和志,11月
椋原健太,7月
六車拓也,6月
向島建,1月
向島満,5月
六平光成,1月
牟田将士 (サッカー選手),6月
牟田雄祐,9月
武藤勝利,8月
武藤真一,4月
武藤崇志,8月
武藤雄樹,11月
武藤嘉紀,7月
宗政潤一郎,7月
村井慎二,12月
村井泰希,6月
村尾龍矢,3月
村尾雅人,4月
村岡拓哉,7月
村岡博人,9月
村形繁明,5月
村上一樹,12月
村上和弘,1月
村上翔 (サッカー選手),5月
村上聖弥,12月
村上巧,9月
村上伸次,5月
村上範和,10月
村上佑介,4月
村木伸二,8月
村口良平,4月
村瀬和隆,9月
村瀬勇太,10月
村田一弘,5月
村田和哉 (サッカー選手),10月
村田純平,2月
村田翔,4月
村田大,1月
村田達哉,8月
村田教生,2月
村野太一,1月
村松潤,4月
村松大輔,12月
村松知輝,7月
村松浩,1月
村山浩史,6月
村山智彦,8月
村山祐介,6月
室拓哉,11月
室井市衛,6月
室川一樹,8月
室屋成,4月
米田兼一郎,7月
茂木弘人,3月
望月一仁,12月
望月一頼,11月
望月聡,5月
望月重良,7月
望月大地,10月
望月達也,4月
望月慎之,5月
望月豊仁,9月
望月竜次,9月
望月嶺臣,1月
持留新作,4月
茂木駿佑,10月
求衛昭紀,5月
元木数馬,12月
元田庄吾,6月
本橋卓巳,8月
本山雅志,6月
本吉剛,7月
茂庭照幸,9月
籾谷真弘,6月
百瀬俊介,5月
森敦彦,5月
森英次郎,4月
森一紘,4月
森惠佑,4月
森慶太 (サッカー選手),4月
森賢一,10月
森純一 (サッカー選手),6月
森泰次郎,12月
森孝慈,11月
森俊章,9月
森直樹 (1977年生のサッカー選手),11月
森秀昭,10月
森正明,7月
森勇介,7月
森陽一,8月
森洋介,7月
森俊祐,4月
森岡茂,8月
森岡隆三,10月
森岡亮太,4月
森川潤一,7月
森川泰臣,9月
森川拓巳,7月
森川宏雄,11月
森崎和幸,5月
森崎浩司,5月
森崎嘉之,4月
森重潤也,11月
森重達也,10月
森重真人,5月
森下和成,5月
森下俊,5月
森下申一,12月
森下聖二,11月
森下仁之,12月
森下仁志,9月
森嶋勇斗,11月
森島寛晃,4月
森島康仁,9月
森田耕一郎 (サッカー選手),10月
盛田剛平,7月
森田真吾,12月
森田真司,6月
守田創,5月
守田達弥,8月
森田浩史,5月
森戸壮介,7月
森永敏春,2月
森野徹,5月
森原慎之佑,12月
森前健,5月
森村昂太,8月
森本一樹,7月
森本恭介,5月
森本圭太,6月
森本惟人,2月
森本貴幸,5月
森本良 (サッカー選手),6月
森本勇一,1月
森本悠馬,7月
森谷佳祐,7月
森谷賢太郎,9月
森保一,8月
森保洋,1月
森安洋文,4月
森山大地,8月
森山泰行,5月
森山佳郎,11月
森脇良太,4月
諸江健太,5月
門馬匡史,11月
八戸寿憲,7月
八重樫茂生,3月
八柄堅一,9月
八木直生,12月
八木沼瞬,8月
谷澤達也,10月
矢島慎也,1月
矢島卓郎,3月
安川有,5月
安川洋介,2月
安田和弘,7月
安田晃大,8月
安田忠臣,8月
保田道夫,11月
安田理大,12月
安武亨,12月
安永聡太郎,4月
安原真一,2月
安原成泰,8月
八十祐治,10月
矢田旭,4月
谷田悠介,9月
八田康介,3月
柳川雅樹,5月
柳崎祥兵,6月
柳沢敦,5月
柳澤宏太,4月
柳澤隼,6月
柳澤晶,8月
柳沢将之,8月
柳下正明,1月
柳田伸明,12月
柳本啓成,10月
矢野貴章,4月
矢野健太郎 (サッカー選手),9月
矢野大輔,10月
矢野隼人,10月
矢野マイケル,1月
矢野学,12月
矢野哲也,5月
矢畑智裕,5月
養父雄仁,5月
藪田光教,5月
矢部次郎,5月
矢部達,11月
矢部雅明,4月
山内達夫,12月
山内智裕,9月
山内祐一,10月
山内友喜,5月
山尾光則,4月
山岡哲也,3月
山形恭平,9月
山形辰徳,10月
山形雄介,7月
山木勝博,4月
山岸智,5月
山岸臣也,1月
山岸範宏,5月
山岸範之,9月
山岸ヨヴァン淳一ニコリッチ,6月
山口晃広,7月
山口篤史,7月
山口和樹,10月
山口慶,6月
山口悟,8月
山口智 (サッカー選手),4月
山口将造,1月
山口伸一,7月
山口貴弘,5月
山口貴之,8月
山口武士,6月
山口哲治 (サッカー選手),9月
山口敏弘,11月
山口直大,8月
山口蛍,10月
山口素弘,1月
山口優樹,12月
山口芳忠,9月
山越享太郎,3月
山腰泰博,9月
山崎和徳,3月
山崎光太郎,10月
山崎悟志,8月
山崎慎治,1月
山崎哲也,7月
山崎透 (サッカー選手),8月
山崎展弘,4月
山崎真 (サッカー選手),10月
山崎正登,5月
山崎雅人,12月
山崎侑輝,4月
山崎祐輔,7月
山崎亮平,3月
山崎渡,9月
山路修,8月
山路嘉人,1月
山下一弥,4月
山下訓広,5月
山下真太郎,4月
山下達也,11月
山下聡也,7月
山下優一郎,7月
山下芳輝,11月
山城純也,6月
山瀬功治,9月
山瀬彰也,7月
山瀬幸宏,4月
山田元気,12月
山田晃平,1月
山田将司,12月
山田隆裕,4月
山田拓巳,11月
山田卓也,8月
山田俊毅,2月
山田智紀,7月
山田智也,11月
山田直輝,7月
山田尚幸,12月
山田暢久,9月
山田大記,12月
山田裕也,8月
山田裕也,4月
山田正道,4月
山田松市,2月
山田満夫,5月
山田泰寛,2月
山田佑介,4月
山田祥史,11月
山出実,1月
山中誠晃,1月
山中丈典,2月
山中亮輔,4月
山西尊裕,4月
山西博文,6月
山根伸泉,6月
山根巌,7月
山野孝義,4月
山之内優貴,9月
山橋貴史,5月
山藤健太,11月
山道高平,5月
山道雅大,4月
山村和也,12月
山村博土,7月
山村泰弘,8月
山村佑樹,8月
山本朝陽,11月
山本海人,7月
山本健二 (1965年生),8月
山本健二 (サッカー選手),8月
山本剛 (サッカー選手),4月
山本康裕,10月
山本孝平,4月
山本脩斗,6月
山本翔平,8月
山本大輔,3月
山本拓弥,6月
山本拓矢,8月
山本英臣,6月
山本英和,8月
山本啓人,10月
山本浩正,6月
山本浩靖,3月
山本郁弥,7月
山本正男,12月
山本真希,8月
山本昌邦,4月
山本康彦,4月
山本雄大,3月
山本僚,6月
山本祥輝,11月
山谷紘大,6月
鎗田志郎,12月
結城耕造,1月
結城治男,1月
湯口栄蔵,7月
行友亮二,4月
遊佐克美,8月
湯澤洋介,12月
湯田哲生,5月
油原丈著,1月
汰木康也,7月
要田勇一,6月
横内昭展,11月
横竹翔,8月
横谷繁,5月
横谷政樹,5月
横野純貴,10月
横濱誠,9月
横森巧,7月
横山謙三,1月
横山聡,2月
横山翔平,8月
横山貴之,12月
横山拓也,6月
横山知伸,3月
横山博敏,5月
横山正文,4月
横山雄次,7月
吉井孝輔,3月
吉井直人,11月
吉浦茂和,7月
吉岡航平,4月
吉岡聡,7月
吉岡拓朗,2月
吉谷剛,12月
吉川京輔,11月
吉川健太,5月
吉川公二,7月
吉川拓也,9月
吉川剛幸,3月
吉川亨,12月
吉川直也,9月
吉木健一,9月
吉坂圭介,5月
吉崎エイジーニョ,6月
吉澤正悟,7月
吉澤英生,4月
吉沢秀幸,11月
吉澤佑哉,4月
吉田明生 (サッカー選手),12月
吉田明博,5月
吉田慶三,7月
吉田賢太郎,10月
吉田幸生,4月
吉田智志,2月
吉田悟,12月
吉田孝行,3月
吉田拓矢,12月
吉田達磨,6月
吉田暢,5月
吉田智尚,5月
吉田弘 (サッカー選手),2月
吉田浩 (サッカー選手),10月
吉田裕幸,11月
吉田眞紀人,12月
吉田正樹 (サッカー選手),4月
吉田将彦,2月
吉田真史 (サッカー選手),9月
吉田匡良,8月
吉田麻也,8月
吉田光範,3月
吉田恵 (サッカー選手),4月
吉田宗弘,8月
吉田靖,8月
吉田安孝,11月
吉田康弘 (サッカー選手),7月
吉田康幸,12月
吉田勇樹,5月
吉田豊 (サッカー選手),2月
吉武剛,9月
吉渓亘,10月
吉成浩司,5月
吉野恭平,11月
吉野峻光,4月
吉野智行,7月
吉野喜貴,11月
吉濱遼平,10月
吉原宏太,2月
吉原慎也,4月
吉原正人,10月
吉弘充志,5月
吉見一星,6月
吉水法生,8月
吉村和紘,11月
吉村圭司,8月
吉村光示,4月
吉村修平,5月
吉村大志郎,8月
吉村寿洋,6月
吉本淳,1月
吉本一謙,4月
吉本岳史,5月
吉本哲朗,12月
吉本祐一,3月
依田光正,8月
淀川隆博,3月
与那城ジョージ,11月
米倉恒貴,5月
米倉誠,12月
米倉将文,7月
米澤淳司,8月
米澤剛志,2月
米田徹,5月
米本拓司,12月
米山篤志,11月
米山大輔,6月
米山隆一 (サッカー選手),2月
寄井憲,4月
楽山孝志,8月
ラモス瑠偉,2月
李忠成,12月
梁英二,12月
林堂眞,11月
六反勇治,4月
呂比須ワグナー,1月
若井研治,9月
若狭大志,7月
若狭友佑,6月
若杉好輝,11月
若月翔太,10月
若林竹雄,8月
若林学,6月
若林令緒,3月
若松賢治,8月
若松大樹,8月
若宮直道,8月
和久井秀俊,2月
輪湖直樹,11月
鷲田雅一,11月
早稲田一男,4月
和田潤,11月
和田翔太,6月
和田新吾,8月
和田拓三,10月
和田拓也 (サッカー選手),7月
和田達也,6月
和田倫季,10月
和田昌裕,1月
和田雄三,5月
和多田充寿,3月
渡辺彰宏,6月
渡邉一平,9月
渡邊一仁,9月
渡邉千真,8月
渡邊圭二,1月
渡邊了太,4月
渡辺広大,12月
渡辺聡 (サッカー選手),6月
渡辺淳一 (サッカー選手),5月
渡辺晋平,2月
渡邉晋,10月
渡邉大剛,12月
渡辺大輔 (サッカー選手),7月
渡辺貴之 (サッカー選手),9月
渡辺卓 (サッカー選手),11月
渡辺匠,3月
渡辺毅,9月
渡部英麿,9月
渡部博文,7月
渡辺誠 (サッカー選手),9月
渡邉将基,12月
渡辺正,1月
渡辺正嗣,9月
渡部学,10月
渡辺三男,6月
渡邉三城,9月
渡辺光輝,4月
渡辺泰広,10月
渡辺勇気,7月
渡辺由一,4月
渡辺佳孝,4月
渡辺亮太,3月
渡部耕平,12月
渡部大輔 (サッカー選手),4月
渡部翼,12月
渡大生,6月
亘崇詞,3月
和波智広,4月
